numLogin,csm,numTickets,daysEmail,emailIntegration,daysEcommerce,ecommerceIntegration,daysWhatsAppApi,whatsAppApiIntegration,daysGiftback,giftbackIntegration, daysFirstCampain,firstCampain,numCampains,receitaInflu,receitaTotal,receitaGiftback,receitacampanha,receitaPainelvendedor,receitaFluxo,ROI,churn
110,1,0,8.0,1,0.0,1,8.0,1,-1.0,0,8.0,1,10,6616.71,1563709.28,0.0,179.69,0.0,6437.02,0.0,0
15,1,0,3.0,1,2.0,1,4.0,1,-1.0,0,11.0,1,9,15077.13,360196.97,0.0,15077.13,0.0,0.0,0.0,1
12,1,10,2.0,1,1.0,1,2.0,1,-1.0,0,3.0,1,7,75121.56,2666049.13,0.0,73289.13,0.0,1832.43,0.0,0
38,1,6,121.0,1,2.0,1,8.0,1,21.0,1,22.0,1,5,4467.0,450992.92,0.0,4467.0,0.0,0.0,0.0,0
74,1,0,1.0,1,1.0,1,3.0,1,16.0,1,21.0,1,1,239347.11,3621210.25,32928.24,71214.33,0.0,0.0,1.0,0
97,1,0,4.0,1,1.0,1,3.0,1,4.0,1,11.0,1,1,18842.7,200796.48,2170.75,14223.28,0.0,1035.86,0.0,0
41,1,13,91.0,1,3.0,1,12.0,1,17.0,1,25.0,1,1,12760.4,341746.87,1103.6,11237.1,0.0,0.0,0.0,0
15,1,0,113.0,1,1.0,1,11.0,1,19.0,1,20.0,1,1,8736.54,682679.37,0.0,8736.54,0.0,0.0,0.0,0
10,1,0,-1.0,0,6.0,1,-1.0,0,-1.0,0,29.0,1,1,3633.1,503198.13,0.0,3633.1,0.0,0.0,0.0,0
42,1,0,2.0,1,8.0,1,-1.0,0,15.0,1,20.0,1,1,161.64,655167.07,101.74,0.0,0.0,0.0,0.0,0
134,1,0,21.0,1,3.0,1,4.0,1,10.0,1,27.0,1,1,5159.98,997474.97,4755.54,0.0,0.0,0.0,0.0,0
62,1,15,-1.0,0,0.0,1,-1.0,0,18.0,1,11.0,1,1,0.0,1168720.73,0.0,0.0,0.0,0.0,-1.0,0
173,1,0,64.0,1,1.0,1,33.0,1,92.0,1,48.0,1,0,90400.6,975239.7,0.0,90400.6,0.0,0.0,0.0,0
2,1,0,-1.0,0,2.0,1,8.0,1,29.0,1,-1.0,0,0,199.98,466357.9,199.98,0.0,0.0,0.0,0.0,0
30,1,13,6.0,1,-1.0,0,29.0,1,22.0,1,-1.0,0,0,612.85,100175.87,138.39,0.0,0.0,0.0,0.0,0
77,1,27,14.0,1,-1.0,0,-1.0,0,43.0,1,39.0,1,0,1579.35,257962.57,0.0,0.0,0.0,1579.35,0.0,0
210,1,19,202.0,1,31.0,1,4.0,1,26.0,1,55.0,1,0,1225.44,157664.24,112.78,0.0,159.99,0.0,0.0,0
110,1,0,2.0,1,0.0,1,4.0,1,0.0,1,53.0,1,0,6133.34,272526.98,328.34,0.0,0.0,5660.63,0.0,0
41,1,0,3.0,1,3.0,1,-1.0,0,65.0,1,57.0,1,0,7323.5,971988.93,0.0,0.0,7323.5,0.0,0.0,0
107,1,0,45.0,1,37.0,1,14.0,1,6.0,1,69.0,1,0,24435.08,276207.58,5462.99,0.0,0.0,0.0,0.0,0
6,1,0,1.0,1,1.0,1,6.0,1,-1.0,0,-1.0,0,0,0.0,382445.14,0.0,0.0,0.0,0.0,-1.0,0
88,1,0,21.0,1,5.0,1,6.0,1,47.0,1,46.0,1,0,0.0,238260.87,0.0,0.0,0.0,0.0,-1.0,0
42,1,0,3.0,1,3.0,1,43.0,1,35.0,1,42.0,1,0,0.0,271301.54,0.0,0.0,0.0,0.0,-1.0,0
70,1,0,-1.0,0,1.0,1,19.0,1,64.0,1,-1.0,0,0,0.0,425914.69,0.0,0.0,0.0,0.0,-1.0,0
35,1,0,63.0,1,4.0,1,14.0,1,30.0,1,118.0,1,0,0.0,478669.82,0.0,0.0,0.0,0.0,-1.0,0
63,1,28,28.0,1,10.0,1,13.0,1,83.0,1,-1.0,0,0,0.0,597903.0,0.0,0.0,0.0,0.0,-1.0,0
20,1,0,40.0,1,10.0,1,-1.0,0,-1.0,0,41.0,1,0,0.0,614925.46,0.0,0.0,0.0,0.0,-1.0,0
59,1,0,16.0,1,-1.0,0,16.0,1,-1.0,0,46.0,1,0,0.0,633413.81,0.0,0.0,0.0,0.0,-1.0,0
32,1,0,4.0,1,0.0,1,4.0,1,-1.0,0,-1.0,0,0,0.0,504901.19,0.0,0.0,0.0,0.0,-1.0,0
150,1,0,3.0,1,3.0,1,14.0,1,19.0,1,3.0,1,35,10083.56,149406.59,0.0,8807.36,0.0,1276.2,0.0,0
27,0,0,7.0,1,8.0,1,7.0,1,13.0,1,9.0,1,29,0.0,1300.28,0.0,0.0,0.0,0.0,-1.0,0
27,0,0,81.0,1,0.0,1,2.0,1,3.0,1,4.0,1,27,4531.3,34877.19,356.28,3995.22,0.0,0.0,0.0,0
100,1,0,0.0,1,0.0,1,8.0,1,-1.0,0,2.0,1,26,12210.07,57122.61,0.0,11258.17,951.9,0.0,0.0,0
38,0,0,0.0,1,0.0,1,9.0,1,0.0,1,12.0,1,24,16400.29,267911.2,0.0,16400.29,0.0,0.0,0.0,0
379,1,0,45.0,1,0.0,1,1.0,1,1.0,1,3.0,1,23,3933.72,38929.44,13.66,3920.06,0.0,0.0,0.0,0
64,0,0,1.0,1,1.0,1,-1.0,0,39.0,1,26.0,1,23,0.0,15013.84,0.0,0.0,0.0,0.0,-1.0,0
42,0,0,7.0,1,0.0,1,3.0,1,5.0,1,21.0,1,20,3823.0,130641.43,1223.0,2600.0,0.0,0.0,0.0,0
158,0,0,5.0,1,1.0,1,11.0,1,5.0,1,11.0,1,19,1336.87,19114.39,0.0,1336.87,0.0,0.0,0.0,0
39,1,13,3.0,1,0.0,1,2.0,1,9.0,1,7.0,1,15,834.05,19625.35,0.0,834.05,0.0,0.0,0.0,0
57,1,28,-1.0,0,0.0,1,0.0,1,7.0,1,9.0,1,15,487.11,11130.38,0.0,487.11,0.0,0.0,0.0,0
8,0,0,0.0,1,0.0,1,1.0,1,5.0,1,6.0,1,14,2440.87,5396.84,0.0,2222.44,0.0,218.43,0.0,0
39,0,13,2.0,1,0.0,1,12.0,1,16.0,1,22.0,1,13,2244.47,113093.98,469.9,1774.57,0.0,0.0,0.0,0
29,1,0,73.0,1,1.0,1,7.0,1,51.0,1,13.0,1,13,20297.01,55832.63,20297.01,0.0,0.0,0.0,0.0,0
21,1,0,0.0,1,0.0,1,4.0,1,14.0,1,19.0,1,12,1550.21,14313.32,0.0,1550.21,0.0,0.0,0.0,0
26,1,0,84.0,1,0.0,1,6.0,1,3.0,1,10.0,1,12,1307.22,10687.12,79.8,1227.42,0.0,0.0,0.0,0
17,0,0,28.0,1,1.0,1,22.0,1,23.0,1,28.0,1,12,0.0,20167.67,0.0,0.0,0.0,0.0,-1.0,0
88,0,0,73.0,1,3.0,1,24.0,1,28.0,1,28.0,1,12,0.0,74861.1,0.0,0.0,0.0,0.0,-1.0,0
38,0,19,2.0,1,1.0,1,2.0,1,21.0,1,3.0,1,11,14809.95,31656.78,0.0,14809.95,0.0,0.0,0.0,0
30,0,0,0.0,1,0.0,1,9.0,1,1.0,1,3.0,1,11,3131.51,19619.9,0.0,3131.51,0.0,0.0,0.0,0
0,0,0,-1.0,0,3.0,1,20.0,1,-1.0,0,3.0,1,11,380.86,14006.43,380.86,0.0,0.0,0.0,0.0,0
37,1,0,3.0,1,3.0,1,5.0,1,13.0,1,6.0,1,10,11498.49,149985.41,0.0,11498.49,0.0,0.0,0.0,0
50,0,0,116.0,1,1.0,1,4.0,1,2.0,1,17.0,1,10,724.07,16770.78,724.07,0.0,0.0,0.0,0.0,0
0,0,0,-1.0,0,0.0,1,-1.0,0,15.0,1,1.0,1,10,786.64,46680.86,786.64,0.0,0.0,0.0,0.0,0
113,0,0,72.0,1,1.0,1,6.0,1,1.0,1,14.0,1,9,4614.77,31251.92,0.0,4614.77,0.0,0.0,0.0,0
40,1,0,16.0,1,7.0,1,7.0,1,17.0,1,16.0,1,9,3575.45,30656.88,0.0,3518.91,0.0,56.54,0.0,0
63,0,13,3.0,1,3.0,1,6.0,1,4.0,1,5.0,1,9,3537.45,24506.66,0.0,1369.83,189.9,1977.72,0.0,0
89,1,0,9.0,1,1.0,1,8.0,1,14.0,1,13.0,1,9,1241.04,106662.68,0.0,1241.04,0.0,0.0,0.0,0
40,1,29,67.0,1,0.0,1,8.0,1,24.0,1,24.0,1,8,14850.41,126457.87,0.0,14850.41,0.0,0.0,0.0,0
173,1,0,43.0,1,8.0,1,7.0,1,8.0,1,14.0,1,8,9155.1,40872.65,0.0,7717.9,748.0,689.2,0.0,0
30,0,0,0.0,1,1.0,1,5.0,1,6.0,1,1.0,1,7,1709.49,19846.38,726.63,982.86,0.0,0.0,0.0,0
34,1,0,10.0,1,10.0,1,11.0,1,15.0,1,12.0,1,6,38061.73,124853.3,2250.27,31961.58,0.0,715.64,1.0,0
53,0,0,102.0,1,2.0,1,9.0,1,11.0,1,24.0,1,6,1381.98,38945.25,207.2,1174.78,0.0,0.0,0.0,0
22,0,0,1.0,1,1.0,1,7.0,1,-1.0,0,1.0,1,6,199.4,3799.52,0.0,199.4,0.0,0.0,0.0,0
83,1,0,88.0,1,4.0,1,8.0,1,4.0,1,18.0,1,6,0.0,3739.86,0.0,0.0,0.0,0.0,-1.0,0
52,1,26,50.0,1,1.0,1,-1.0,0,4.0,1,8.0,1,5,20577.72,78049.74,151.84,20425.88,0.0,0.0,1.0,0
76,1,18,14.0,1,0.0,1,11.0,1,0.0,1,21.0,1,5,9708.61,110513.67,411.1,5360.5,737.8,0.0,0.0,0
83,1,16,0.0,1,0.0,1,-1.0,0,2.0,1,13.0,1,5,5780.86,42060.92,357.1,5045.99,285.45,0.0,0.0,0
49,1,0,6.0,1,6.0,1,55.0,1,8.0,1,13.0,1,5,3704.89,50523.91,0.0,3704.89,0.0,0.0,0.0,0
21,1,0,18.0,1,1.0,1,-1.0,0,11.0,1,11.0,1,5,3895.7,72068.37,568.0,3327.7,0.0,0.0,0.0,0
93,0,0,3.0,1,3.0,1,14.0,1,4.0,1,10.0,1,5,2237.53,27909.72,0.0,2237.53,0.0,0.0,0.0,0
13,1,0,0.0,1,0.0,1,-1.0,0,-1.0,0,0.0,1,5,1089.74,150317.62,0.0,1089.74,0.0,0.0,0.0,1
33,1,10,1.0,1,1.0,1,-1.0,0,1.0,1,16.0,1,5,1946.68,22359.51,0.0,915.18,1031.5,0.0,0.0,0
35,0,0,6.0,1,5.0,1,15.0,1,8.0,1,8.0,1,5,4582.52,85326.4,4012.99,569.53,0.0,0.0,0.0,0
72,0,0,81.0,1,0.0,1,1.0,1,2.0,1,2.0,1,5,519.39,28274.35,0.0,519.39,0.0,0.0,0.0,0
46,1,11,4.0,1,-1.0,0,9.0,1,11.0,1,10.0,1,5,1507.64,23562.96,924.16,419.87,163.61,0.0,0.0,0
24,0,0,3.0,1,1.0,1,4.0,1,4.0,1,10.0,1,5,353.6,37280.65,47.2,306.4,0.0,0.0,0.0,0
0,0,0,-1.0,0,0.0,1,4.0,1,2.0,1,7.0,1,5,500.03,2738.26,500.03,0.0,0.0,0.0,0.0,1
49,1,0,75.0,1,4.0,1,5.0,1,6.0,1,18.0,1,4,12230.68,45938.54,308.91,11284.69,0.0,0.0,0.0,0
25,1,0,-1.0,0,8.0,1,43.0,1,55.0,1,23.0,1,4,3430.13,51893.28,0.0,3430.13,0.0,0.0,0.0,0
4,0,0,44.0,1,1.0,1,1.0,1,11.0,1,10.0,1,4,2963.43,6339.76,0.0,2963.43,0.0,0.0,0.0,0
85,1,0,49.0,1,3.0,1,4.0,1,27.0,1,16.0,1,4,3111.43,52724.2,0.0,2244.38,867.05,0.0,0.0,0
183,0,0,4.0,1,0.0,1,8.0,1,0.0,1,12.0,1,4,2652.01,22642.03,479.79,587.67,0.0,1584.55,0.0,0
85,1,0,24.0,1,0.0,1,1.0,1,0.0,1,3.0,1,4,464.7,27513.34,159.9,304.8,0.0,0.0,0.0,0
29,1,0,0.0,1,0.0,1,2.0,1,0.0,1,6.0,1,4,4993.54,64175.08,1768.51,292.5,1926.92,1005.61,0.0,0
51,1,0,7.0,1,27.0,1,-1.0,0,11.0,1,29.0,1,4,0.0,20207.59,0.0,0.0,0.0,0.0,0.0,0
49,0,0,74.0,1,-1.0,0,4.0,1,3.0,1,26.0,1,4,2840.8,33310.28,48.0,0.0,2792.8,0.0,0.0,0
124,0,0,77.0,1,0.0,1,4.0,1,1.0,1,11.0,1,4,4555.91,162744.32,1099.73,0.0,0.0,0.0,0.0,0
11,1,0,5.0,1,-1.0,0,-1.0,0,-1.0,0,3.0,1,4,0.0,41492.0,0.0,0.0,0.0,0.0,-1.0,1
26,1,0,4.0,1,4.0,1,-1.0,0,-1.0,0,8.0,1,3,23710.97,178235.31,0.0,23710.97,0.0,0.0,1.0,0
16,0,0,9.0,1,0.0,1,8.0,1,29.0,1,15.0,1,3,6380.29,141892.16,0.0,6380.29,0.0,0.0,0.0,0
14,0,0,99.0,1,4.0,1,13.0,1,8.0,1,22.0,1,3,3597.42,48749.12,206.24,2693.48,239.9,0.0,0.0,0
99,1,0,7.0,1,0.0,1,7.0,1,-1.0,0,17.0,1,3,2981.97,43104.91,0.0,2442.17,0.0,539.8,0.0,0
3,0,0,104.0,1,2.0,1,-1.0,0,11.0,1,19.0,1,3,1990.25,6235.18,0.0,1990.25,0.0,0.0,0.0,0
83,1,27,30.0,1,1.0,1,6.0,1,6.0,1,14.0,1,3,1953.76,139684.6,258.0,1695.76,0.0,0.0,0.0,0
22,0,0,88.0,1,3.0,1,-1.0,0,-1.0,0,24.0,1,3,1470.19,31123.43,0.0,1280.26,189.93,0.0,0.0,0
35,1,11,3.0,1,3.0,1,3.0,1,23.0,1,22.0,1,3,1336.69,96139.45,116.91,1219.78,0.0,0.0,0.0,0
19,0,0,91.0,1,4.0,1,-1.0,0,11.0,1,12.0,1,3,1125.81,12406.04,0.0,1125.81,0.0,0.0,0.0,0
46,1,13,52.0,1,1.0,1,3.0,1,10.0,1,6.0,1,3,1865.35,5890.19,679.18,839.37,346.8,0.0,0.0,0
111,0,0,46.0,1,0.0,1,2.0,1,1.0,1,18.0,1,3,656.91,127283.64,0.0,656.91,0.0,0.0,0.0,0
75,1,9,2.0,1,0.0,1,5.0,1,22.0,1,26.0,1,3,1603.0,35181.94,180.35,357.0,0.0,0.0,0.0,0
26,1,0,0.0,1,0.0,1,2.0,1,8.0,1,26.0,1,3,4558.99,41553.76,1928.08,339.15,0.0,664.81,0.0,0
21,1,9,89.0,1,4.0,1,9.0,1,15.0,1,26.0,1,3,467.3,5176.33,227.4,239.9,0.0,0.0,0.0,0
74,1,0,7.0,1,7.0,1,6.0,1,7.0,1,29.0,1,3,6820.65,123997.75,6666.65,154.0,0.0,0.0,0.0,0
25,1,11,2.0,1,2.0,1,6.0,1,3.0,1,19.0,1,3,298.08,7017.55,153.99,144.09,0.0,0.0,0.0,0
11,0,0,0.0,1,-1.0,0,-1.0,0,0.0,1,0.0,1,3,20.0,77933.42,0.0,20.0,0.0,0.0,0.0,0
20,1,0,12.0,1,4.0,1,18.0,1,24.0,1,30.0,1,3,117.0,1904.13,0.0,0.0,117.0,0.0,0.0,0
227,0,0,-1.0,0,1.0,1,11.0,1,16.0,1,21.0,1,3,4843.0,86697.55,945.0,0.0,3898.0,0.0,0.0,0
47,1,0,2.0,1,2.0,1,14.0,1,23.0,1,28.0,1,3,0.0,21841.19,0.0,0.0,0.0,0.0,-1.0,0
49,1,0,1.0,1,1.0,1,2.0,1,3.0,1,6.0,1,3,0.0,22107.25,0.0,0.0,0.0,0.0,-1.0,0
27,0,0,49.0,1,3.0,1,5.0,1,68.0,1,18.0,1,3,0.0,21129.5,0.0,0.0,0.0,0.0,-1.0,0
95,1,14,14.0,1,3.0,1,6.0,1,27.0,1,24.0,1,2,51332.16,202383.35,0.0,51332.16,0.0,0.0,1.0,0
48,1,0,5.0,1,5.0,1,5.0,1,40.0,1,19.0,1,2,17286.5,70728.92,0.0,17286.5,0.0,0.0,0.0,0
43,1,11,1.0,1,1.0,1,-1.0,0,1.0,1,7.0,1,2,10743.05,26716.31,0.0,10293.15,449.9,0.0,0.0,1
17,0,0,4.0,1,4.0,1,14.0,1,15.0,1,15.0,1,2,10989.28,53967.49,2336.06,8439.34,0.0,0.0,0.0,0
28,0,0,-1.0,0,4.0,1,8.0,1,76.0,1,18.0,1,2,8036.0,217869.13,0.0,8036.0,0.0,0.0,0.0,0
51,1,0,5.0,1,5.0,1,-1.0,0,18.0,1,11.0,1,2,5130.54,32846.66,112.99,4925.57,91.98,0.0,0.0,0
20,1,0,3.0,1,3.0,1,16.0,1,19.0,1,22.0,1,2,5155.11,57795.74,0.0,4633.75,521.36,0.0,0.0,0
39,1,0,2.0,1,-1.0,0,-1.0,0,2.0,1,27.0,1,2,4094.76,19630.36,77.0,3930.76,87.0,0.0,0.0,0
7,0,0,88.0,1,1.0,1,7.0,1,3.0,1,19.0,1,2,4860.8,54246.6,1292.0,3568.8,0.0,0.0,0.0,0
41,1,0,49.0,1,0.0,1,4.0,1,6.0,1,6.0,1,2,4919.4,14323.39,1394.3,3525.1,0.0,0.0,0.0,0
36,0,0,3.0,1,3.0,1,16.0,1,22.0,1,24.0,1,2,3622.2,109666.09,628.28,2765.64,228.28,0.0,0.0,0
103,1,14,101.0,1,8.0,1,16.0,1,11.0,1,20.0,1,2,3506.71,20518.76,819.75,2656.96,0.0,0.0,0.0,0
76,1,0,53.0,1,1.0,1,16.0,1,19.0,1,25.0,1,2,3143.0,76793.27,873.28,2269.72,0.0,0.0,0.0,0
19,1,0,1.0,1,1.0,1,1.0,1,-1.0,0,15.0,1,2,2232.0,134960.72,0.0,2232.0,0.0,0.0,0.0,0
22,1,11,6.0,1,6.0,1,-1.0,0,6.0,1,15.0,1,2,1261.89,51333.26,0.0,1261.89,0.0,0.0,0.0,0
55,1,0,17.0,1,1.0,1,2.0,1,13.0,1,23.0,1,2,1857.21,25773.18,331.6,817.49,547.02,0.0,0.0,0
15,1,0,38.0,1,1.0,1,-1.0,0,1.0,1,18.0,1,2,794.0,38188.04,0.0,794.0,0.0,0.0,0.0,0
40,0,0,25.0,1,2.0,1,4.0,1,4.0,1,21.0,1,2,6121.82,47308.74,5119.12,623.0,0.0,379.7,0.0,0
58,1,0,3.0,1,2.0,1,3.0,1,28.0,1,10.0,1,2,915.96,33345.14,0.0,566.96,349.0,0.0,0.0,0
54,1,0,89.0,1,5.0,1,9.0,1,7.0,1,10.0,1,2,529.1,9331.18,0.0,529.1,0.0,0.0,0.0,0
33,1,0,2.0,1,2.0,1,17.0,1,29.0,1,28.0,1,2,466.75,15406.5,0.0,466.75,0.0,0.0,0.0,0
48,1,0,18.0,1,0.0,1,3.0,1,6.0,1,22.0,1,2,355.2,13249.25,0.0,355.2,0.0,0.0,0.0,0
51,1,0,5.0,1,5.0,1,11.0,1,31.0,1,15.0,1,2,271.84,5645.91,0.0,271.84,0.0,0.0,0.0,0
10,0,0,0.0,1,0.0,1,6.0,1,13.0,1,10.0,1,2,227.1,27664.48,0.0,227.1,0.0,0.0,0.0,0
37,1,0,4.0,1,0.0,1,-1.0,0,1.0,1,23.0,1,2,70.0,461.75,0.0,70.0,0.0,0.0,0.0,0
49,0,0,100.0,1,7.0,1,183.0,1,10.0,1,19.0,1,2,943.83,79383.93,883.83,60.0,0.0,0.0,0.0,0
1,0,0,-1.0,0,0.0,1,-1.0,0,0.0,1,7.0,1,2,202.16,7911.32,202.16,0.0,0.0,0.0,0.0,0
13,0,0,1.0,1,7.0,1,-1.0,0,14.0,1,12.0,1,2,292.38,42316.45,292.38,0.0,0.0,0.0,0.0,1
145,1,27,15.0,1,-1.0,0,5.0,1,11.0,1,12.0,1,2,800.96,10597.09,418.77,0.0,0.0,0.0,0.0,0
58,1,0,5.0,1,5.0,1,-1.0,0,14.0,1,20.0,1,2,1101.1,11319.21,0.0,0.0,555.3,545.8,0.0,0
0,0,0,-1.0,0,0.0,1,5.0,1,1.0,1,6.0,1,2,2207.04,31759.24,2207.04,0.0,0.0,0.0,0.0,1
74,1,0,3.0,1,3.0,1,14.0,1,10.0,1,30.0,1,2,1876.7,110758.06,556.7,0.0,0.0,0.0,0.0,0
0,0,0,-1.0,0,1.0,1,3.0,1,1.0,1,13.0,1,2,4851.01,75867.2,4851.01,0.0,0.0,0.0,0.0,0
305,1,0,-1.0,0,-1.0,0,91.0,1,2.0,1,10.0,1,2,25254.22,118465.86,24698.5,0.0,555.72,0.0,1.0,0
15,0,0,7.0,1,3.0,1,-1.0,0,8.0,1,10.0,1,2,0.0,5083.39,0.0,0.0,0.0,0.0,-1.0,0
25,0,0,4.0,1,4.0,1,-1.0,0,-1.0,0,4.0,1,2,0.0,17704.77,0.0,0.0,0.0,0.0,-1.0,0
10,1,0,0.0,1,0.0,1,4.0,1,9.0,1,8.0,1,2,0.0,5385.05,0.0,0.0,0.0,0.0,-1.0,0
49,1,0,29.0,1,0.0,1,4.0,1,4.0,1,29.0,1,2,0.0,6197.12,0.0,0.0,0.0,0.0,-1.0,0
63,1,0,1.0,1,1.0,1,50.0,1,55.0,1,7.0,1,2,0.0,19924.7,0.0,0.0,0.0,0.0,-1.0,0
19,1,0,5.0,1,5.0,1,13.0,1,22.0,1,27.0,1,2,0.0,23225.45,0.0,0.0,0.0,0.0,-1.0,0
38,1,0,18.0,1,18.0,1,-1.0,0,22.0,1,21.0,1,2,0.0,26382.54,0.0,0.0,0.0,0.0,-1.0,0
15,1,0,1.0,1,1.0,1,-1.0,0,-1.0,0,23.0,1,2,0.0,0.0,0.0,0.0,0.0,0.0,-1.0,0
70,0,0,8.0,1,0.0,1,26.0,1,2.0,1,28.0,1,1,7203.0,155331.13,0.0,7203.0,0.0,0.0,0.0,0
65,1,0,2.0,1,3.0,1,17.0,1,26.0,1,11.0,1,1,5959.32,90215.01,44.07,4367.45,0.0,1547.8,0.0,0
189,1,21,18.0,1,0.0,1,3.0,1,16.0,1,25.0,1,1,4513.58,48998.51,1240.27,2868.8,0.0,404.51,0.0,0
40,1,0,7.0,1,2.0,1,7.0,1,19.0,1,17.0,1,1,3939.84,47094.91,1176.84,2441.0,0.0,0.0,0.0,0
13,1,0,-1.0,0,7.0,1,7.0,1,-1.0,0,9.0,1,1,1507.96,14680.97,0.0,1507.96,0.0,0.0,0.0,0
41,1,0,5.0,1,5.0,1,11.0,1,27.0,1,25.0,1,1,1351.4,7559.07,0.0,1351.4,0.0,0.0,0.0,0
67,0,0,126.0,1,2.0,1,7.0,1,2.0,1,18.0,1,1,2565.34,42572.14,501.15,1114.0,0.0,0.0,0.0,0
17,1,0,4.0,1,0.0,1,-1.0,0,15.0,1,15.0,1,1,2414.49,307743.92,0.0,1110.7,0.0,1303.79,0.0,0
18,1,0,6.0,1,6.0,1,6.0,1,11.0,1,13.0,1,1,1786.16,20607.42,738.26,1047.9,0.0,0.0,0.0,0
67,1,13,59.0,1,-1.0,0,12.0,1,11.0,1,18.0,1,1,1601.97,24667.04,605.52,606.75,389.7,0.0,0.0,0
25,0,0,120.0,1,1.0,1,5.0,1,7.0,1,7.0,1,1,641.46,11674.09,60.2,492.26,89.0,0.0,0.0,0
9,1,0,7.0,1,7.0,1,-1.0,0,17.0,1,16.0,1,1,359.8,1876.51,0.0,359.8,0.0,0.0,0.0,0
40,1,0,89.0,1,5.0,1,37.0,1,5.0,1,5.0,1,1,1366.69,12600.73,679.18,272.65,414.86,0.0,0.0,0
95,1,0,2.0,1,0.0,1,-1.0,0,4.0,1,23.0,1,1,348.91,20940.08,80.19,177.93,0.0,0.0,0.0,0
22,0,0,1.0,1,1.0,1,2.0,1,10.0,1,10.0,1,1,704.88,21906.86,253.83,170.05,0.0,0.0,0.0,0
32,1,0,6.0,1,6.0,1,6.0,1,12.0,1,9.0,1,1,152.19,12712.02,0.0,152.19,0.0,0.0,0.0,0
61,1,0,11.0,1,1.0,1,10.0,1,17.0,1,18.0,1,1,90.86,14496.94,0.0,90.86,0.0,0.0,0.0,0
59,1,23,2.0,1,-1.0,0,-1.0,0,7.0,1,19.0,1,1,2044.3,47430.95,1382.1,35.0,162.25,464.95,0.0,0
11,0,0,0.0,1,0.0,1,-1.0,0,0.0,1,14.0,1,1,20.0,1983.84,0.0,20.0,0.0,0.0,0.0,0
49,1,26,7.0,1,5.0,1,7.0,1,18.0,1,21.0,1,1,10.0,83918.03,10.0,0.0,0.0,0.0,0.0,0
52,1,0,51.0,1,8.0,1,13.0,1,29.0,1,29.0,1,1,35.8,52630.4,0.0,0.0,35.8,0.0,0.0,0
22,1,0,5.0,1,0.0,1,6.0,1,7.0,1,8.0,1,1,53.41,7205.98,53.41,0.0,0.0,0.0,0.0,0
0,0,0,-1.0,0,1.0,1,3.0,1,1.0,1,16.0,1,1,59.75,6108.66,59.75,0.0,0.0,0.0,0.0,0
18,1,0,7.0,1,5.0,1,-1.0,0,12.0,1,14.0,1,1,100.0,2544.45,100.0,0.0,0.0,0.0,0.0,0
4,0,0,71.0,1,4.0,1,-1.0,0,5.0,1,26.0,1,1,114.43,30602.81,114.43,0.0,0.0,0.0,0.0,0
33,1,0,1.0,1,0.0,1,1.0,1,8.0,1,6.0,1,1,147.41,63996.07,77.41,0.0,0.0,0.0,0.0,0
36,0,0,4.0,1,0.0,1,12.0,1,5.0,1,22.0,1,1,172.46,2044.46,172.46,0.0,0.0,0.0,0.0,0
53,0,0,0.0,1,0.0,1,-1.0,0,0.0,1,0.0,1,1,175.8,26342.14,0.0,0.0,175.8,0.0,0.0,0
37,0,0,0.0,1,0.0,1,5.0,1,1.0,1,29.0,1,1,179.0,12848.52,179.0,0.0,0.0,0.0,0.0,0
24,1,0,17.0,1,0.0,1,9.0,1,-1.0,0,27.0,1,1,198.0,11052.65,198.0,0.0,0.0,0.0,0.0,1
41,1,0,0.0,1,0.0,1,8.0,1,1.0,1,28.0,1,1,279.9,1061.28,0.0,0.0,279.9,0.0,0.0,0
126,0,0,70.0,1,0.0,1,3.0,1,11.0,1,12.0,1,1,741.1,34659.75,741.1,0.0,0.0,0.0,0.0,0
1,0,0,-1.0,0,0.0,1,7.0,1,10.0,1,10.0,1,1,1279.33,52708.84,1279.33,0.0,0.0,0.0,0.0,0
81,1,18,0.0,1,0.0,1,104.0,1,12.0,1,28.0,1,1,1041.09,57520.73,313.71,0.0,0.0,0.0,0.0,0
52,0,21,0.0,1,0.0,1,1.0,1,4.0,1,8.0,1,1,1176.69,21703.57,389.46,0.0,149.3,637.93,0.0,0
54,0,0,4.0,1,2.0,1,7.0,1,22.0,1,4.0,1,1,1258.83,57444.46,1258.83,0.0,0.0,0.0,0.0,0
68,0,0,77.0,1,0.0,1,14.0,1,16.0,1,18.0,1,1,1685.26,27302.68,1685.26,0.0,0.0,0.0,0.0,0
2,0,0,-1.0,0,0.0,1,-1.0,0,1.0,1,4.0,1,1,1885.63,44619.04,1885.63,0.0,0.0,0.0,0.0,0
56,1,7,23.0,1,0.0,1,2.0,1,0.0,1,9.0,1,1,5459.01,184927.67,2009.3,0.0,0.0,3449.71,0.0,0
7,1,0,5.0,1,3.0,1,5.0,1,-1.0,0,7.0,1,1,0.0,10628.72,0.0,0.0,0.0,0.0,-1.0,1
14,0,0,24.0,1,17.0,1,-1.0,0,19.0,1,25.0,1,1,0.0,1418.16,0.0,0.0,0.0,0.0,-1.0,0
12,0,0,-1.0,0,0.0,1,-1.0,0,30.0,1,27.0,1,1,0.0,9534.64,0.0,0.0,0.0,0.0,-1.0,0
9,0,0,-1.0,0,0.0,1,7.0,1,5.0,1,7.0,1,1,0.0,29337.73,0.0,0.0,0.0,0.0,-1.0,0
29,1,0,3.0,1,3.0,1,-1.0,0,22.0,1,30.0,1,1,0.0,6255.26,0.0,0.0,0.0,0.0,-1.0,0
63,1,0,77.0,1,0.0,1,21.0,1,3.0,1,3.0,1,1,0.0,17866.74,0.0,0.0,0.0,0.0,-1.0,0
27,1,0,13.0,1,-1.0,0,15.0,1,14.0,1,23.0,1,1,0.0,23342.54,0.0,0.0,0.0,0.0,-1.0,0
27,1,13,0.0,1,0.0,1,6.0,1,55.0,1,28.0,1,1,0.0,25462.78,0.0,0.0,0.0,0.0,-1.0,0
62,1,0,-1.0,0,13.0,1,20.0,1,29.0,1,30.0,1,1,0.0,26600.68,0.0,0.0,0.0,0.0,-1.0,0
14,1,0,11.0,1,5.0,1,5.0,1,13.0,1,12.0,1,1,0.0,40122.2,0.0,0.0,0.0,0.0,-1.0,0
191,1,15,13.0,1,19.0,1,6.0,1,20.0,1,22.0,1,1,0.0,51243.94,0.0,0.0,0.0,0.0,-1.0,0
72,1,0,0.0,1,0.0,1,3.0,1,1.0,1,3.0,1,1,0.0,80221.23,0.0,0.0,0.0,0.0,-1.0,0
12,1,0,-1.0,0,0.0,1,7.0,1,-1.0,0,8.0,1,1,0.0,190350.0,0.0,0.0,0.0,0.0,-1.0,0
9,0,0,78.0,1,1.0,1,4.0,1,11.0,1,34.0,1,0,10.0,1685.3,10.0,0.0,0.0,0.0,0.0,0
70,1,0,59.0,1,-1.0,0,16.0,1,8.0,1,-1.0,0,0,26.0,28212.45,26.0,0.0,0.0,0.0,0.0,0
7,1,0,21.0,1,15.0,1,-1.0,0,28.0,1,-1.0,0,0,32.06,41415.49,32.06,0.0,0.0,0.0,0.0,0
43,0,7,7.0,1,0.0,1,7.0,1,28.0,1,-1.0,0,0,40.0,3118.0,0.0,0.0,40.0,0.0,0.0,0
27,0,0,81.0,1,14.0,1,18.0,1,17.0,1,-1.0,0,0,49.5,13842.07,49.5,0.0,0.0,0.0,0.0,0
11,1,0,-1.0,0,-1.0,0,-1.0,0,12.0,1,-1.0,0,0,65.0,518.39,65.0,0.0,0.0,0.0,0.0,0
17,0,0,28.0,1,4.0,1,67.0,1,4.0,1,-1.0,0,0,54.9,53290.91,54.9,0.0,0.0,0.0,0.0,0
41,1,0,4.0,1,4.0,1,-1.0,0,17.0,1,-1.0,0,0,59.41,11266.96,59.41,0.0,0.0,0.0,0.0,0
27,0,0,122.0,1,0.0,1,3.0,1,6.0,1,106.0,1,0,79.51,1439.21,79.51,0.0,0.0,0.0,0.0,0
958,1,0,89.0,1,19.0,1,16.0,1,20.0,1,-1.0,0,0,69.9,21221.4,69.9,0.0,0.0,0.0,0.0,0
82,0,0,0.0,1,0.0,1,0.0,1,0.0,1,-1.0,0,0,72.0,1212.0,72.0,0.0,0.0,0.0,0.0,0
0,0,0,-1.0,0,4.0,1,4.0,1,12.0,1,-1.0,0,0,84.42,26370.14,84.42,0.0,0.0,0.0,0.0,0
19,0,0,2.0,1,0.0,1,-1.0,0,21.0,1,-1.0,0,0,84.9,61178.83,84.9,0.0,0.0,0.0,0.0,0
13,1,0,6.0,1,1.0,1,-1.0,0,13.0,1,-1.0,0,0,86.0,227508.96,86.0,0.0,0.0,0.0,0.0,0
10,0,0,-1.0,0,4.0,1,-1.0,0,5.0,1,-1.0,0,0,95.0,8197.74,0.0,0.0,0.0,95.0,0.0,0
7,1,0,2.0,1,2.0,1,-1.0,0,24.0,1,30.0,1,0,99.9,21056.82,0.0,0.0,99.9,0.0,0.0,0
34,1,0,6.0,1,-1.0,0,6.0,1,26.0,1,31.0,1,0,146.6,57858.11,126.6,0.0,0.0,0.0,0.0,0
18,1,0,0.0,1,0.0,1,8.0,1,16.0,1,-1.0,0,0,143.6,26434.71,0.0,0.0,0.0,143.6,0.0,1
3,0,0,2.0,1,2.0,1,17.0,1,16.0,1,-1.0,0,0,152.5,56101.14,152.5,0.0,0.0,0.0,0.0,0
2,0,0,84.0,1,5.0,1,74.0,1,7.0,1,-1.0,0,0,154.1,4090.05,154.1,0.0,0.0,0.0,0.0,0
60,1,0,5.0,1,0.0,1,5.0,1,14.0,1,35.0,1,0,155.79,43221.24,155.79,0.0,0.0,0.0,0.0,0
12,1,0,89.0,1,9.0,1,15.0,1,23.0,1,-1.0,0,0,161.69,35026.47,161.69,0.0,0.0,0.0,0.0,0
43,1,23,3.0,1,3.0,1,3.0,1,14.0,1,-1.0,0,0,167.2,45878.58,167.2,0.0,0.0,0.0,0.0,0
54,1,0,1.0,1,1.0,1,3.0,1,-1.0,0,-1.0,0,0,215.98,78814.13,0.0,0.0,215.98,0.0,0.0,0
71,1,0,6.0,1,6.0,1,6.0,1,23.0,1,65.0,1,0,178.76,9142.6,178.76,0.0,0.0,0.0,0.0,0
25,0,0,108.0,1,2.0,1,15.0,1,2.0,1,31.0,1,0,182.19,23212.64,182.19,0.0,0.0,0.0,0.0,0
56,1,0,21.0,1,5.0,1,5.0,1,5.0,1,69.0,1,0,183.0,41522.25,183.0,0.0,0.0,0.0,0.0,0
0,1,0,-1.0,0,10.0,1,16.0,1,11.0,1,31.0,1,0,211.1,16520.31,211.1,0.0,0.0,0.0,0.0,0
12,1,0,3.0,1,3.0,1,8.0,1,12.0,1,-1.0,0,0,253.98,3110.88,69.56,0.0,0.0,94.5,0.0,0
4,0,0,-1.0,0,0.0,1,18.0,1,7.0,1,-1.0,0,0,252.19,20340.11,252.19,0.0,0.0,0.0,0.0,0
7,1,0,38.0,1,0.0,1,3.0,1,6.0,1,-1.0,0,0,370.69,92235.19,370.69,0.0,0.0,0.0,0.0,0
4,1,0,53.0,1,0.0,1,15.0,1,3.0,1,-1.0,0,0,294.21,13192.61,294.21,0.0,0.0,0.0,0.0,0
42,0,0,73.0,1,6.0,1,-1.0,0,6.0,1,51.0,1,0,377.9,89728.61,377.9,0.0,0.0,0.0,0.0,0
73,1,0,15.0,1,4.0,1,11.0,1,26.0,1,37.0,1,0,303.52,17250.06,0.0,0.0,303.52,0.0,0.0,0
113,1,27,2.0,1,2.0,1,6.0,1,6.0,1,37.0,1,0,389.45,23711.83,0.0,0.0,389.45,0.0,0.0,0
18,1,0,3.0,1,1.0,1,11.0,1,56.0,1,-1.0,0,0,320.0,15762.06,0.0,0.0,320.0,0.0,0.0,0
32,0,0,2.0,1,2.0,1,4.0,1,7.0,1,-1.0,0,0,334.2,43913.76,223.8,0.0,0.0,0.0,0.0,0
2,0,0,102.0,1,0.0,1,10.0,1,16.0,1,-1.0,0,0,336.81,16446.49,336.81,0.0,0.0,0.0,0.0,0
84,1,0,4.0,1,4.0,1,4.0,1,7.0,1,55.0,1,0,337.5,43482.7,251.7,0.0,0.0,0.0,0.0,0
12,0,0,2.0,1,2.0,1,-1.0,0,28.0,1,32.0,1,0,359.9,3185.54,0.0,0.0,359.9,0.0,0.0,0
29,1,0,0.0,1,1.0,1,2.0,1,18.0,1,-1.0,0,0,421.99,7327.41,118.19,0.0,303.8,0.0,0.0,0
84,1,0,73.0,1,1.0,1,29.0,1,-1.0,0,-1.0,0,0,537.0,126988.91,0.0,0.0,537.0,0.0,0.0,0
46,0,0,-1.0,0,-1.0,0,-1.0,0,7.0,1,-1.0,0,0,429.7,77873.7,0.8,0.0,0.0,0.0,0.0,0
59,1,27,5.0,1,5.0,1,-1.0,0,6.0,1,35.0,1,0,438.56,7855.56,195.06,0.0,243.5,0.0,0.0,0
217,1,0,87.0,1,1.0,1,3.0,1,28.0,1,129.0,1,0,563.2,57710.35,393.97,0.0,55.83,0.0,0.0,0
4,1,0,89.0,1,4.0,1,16.0,1,5.0,1,-1.0,0,0,487.69,35599.73,146.6,0.0,0.0,0.0,0.0,0
59,1,0,1.0,1,6.0,1,-1.0,0,13.0,1,-1.0,0,0,499.88,10602.56,0.0,0.0,0.0,499.88,0.0,0
12,1,0,52.0,1,10.0,1,42.0,1,15.0,1,-1.0,0,0,650.84,26423.22,650.84,0.0,0.0,0.0,0.0,0
28,1,0,1.0,1,0.0,1,-1.0,0,16.0,1,-1.0,0,0,510.4,5204.24,293.29,0.0,217.11,0.0,0.0,0
0,0,0,-1.0,0,0.0,1,-1.0,0,0.0,1,-1.0,0,0,542.2,5880.67,542.2,0.0,0.0,0.0,0.0,0
121,1,0,9.0,1,1.0,1,22.0,1,27.0,1,124.0,1,0,548.0,219717.71,548.0,0.0,0.0,0.0,0.0,0
26,0,0,4.0,1,4.0,1,-1.0,0,11.0,1,-1.0,0,0,548.59,7425.86,261.8,0.0,0.0,286.79,0.0,0
57,1,0,1.0,1,0.0,1,6.0,1,21.0,1,73.0,1,0,562.11,26831.14,562.11,0.0,0.0,0.0,0.0,0
20,0,0,65.0,1,6.0,1,27.0,1,6.0,1,-1.0,0,0,616.38,47240.36,616.38,0.0,0.0,0.0,0.0,0
6,0,0,119.0,1,0.0,1,4.0,1,6.0,1,-1.0,0,0,645.9,11504.66,609.25,0.0,0.0,0.0,0.0,0
82,0,0,115.0,1,3.0,1,-1.0,0,2.0,1,-1.0,0,0,670.0,41323.25,670.0,0.0,0.0,0.0,0.0,0
6,1,0,-1.0,0,-1.0,0,7.0,1,19.0,1,-1.0,0,0,689.91,53999.04,689.91,0.0,0.0,0.0,0.0,0
73,1,28,89.0,1,3.0,1,8.0,1,18.0,1,-1.0,0,0,694.95,49696.86,694.95,0.0,0.0,0.0,0.0,0
30,1,0,10.0,1,10.0,1,18.0,1,10.0,1,41.0,1,0,705.25,74069.51,251.7,0.0,0.0,0.0,0.0,0
33,1,6,66.0,1,0.0,1,3.0,1,0.0,1,56.0,1,0,976.3,89622.19,90.05,0.0,0.0,0.0,0.0,0
10,0,0,3.0,1,3.0,1,-1.0,0,3.0,1,-1.0,0,0,783.88,80051.92,783.88,0.0,0.0,0.0,0.0,0
11,0,0,-1.0,0,0.0,1,-1.0,0,-1.0,0,-1.0,0,0,843.55,53689.25,843.55,0.0,0.0,0.0,0.0,0
23,0,0,67.0,1,1.0,1,-1.0,0,2.0,1,-1.0,0,0,865.9,20522.35,382.0,0.0,0.0,0.0,0.0,0
0,0,0,-1.0,0,1.0,1,-1.0,0,16.0,1,-1.0,0,0,870.35,23516.35,870.35,0.0,0.0,0.0,0.0,1
31,0,0,8.0,1,0.0,1,-1.0,0,22.0,1,-1.0,0,0,905.97,40483.25,905.97,0.0,0.0,0.0,0.0,0
21,0,0,87.0,1,0.0,1,-1.0,0,20.0,1,-1.0,0,0,925.0,2554.05,0.0,0.0,925.0,0.0,0.0,0
8,0,0,-1.0,0,0.0,1,-1.0,0,0.0,1,-1.0,0,0,930.72,78794.18,0.0,0.0,0.0,930.72,0.0,0
11,0,0,-1.0,0,-1.0,0,-1.0,0,19.0,1,-1.0,0,0,976.2,16010.32,0.0,0.0,976.2,0.0,0.0,0
7,0,0,105.0,1,0.0,1,5.0,1,1.0,1,31.0,1,0,1025.94,38626.46,1025.94,0.0,0.0,0.0,0.0,0
54,1,0,9.0,1,7.0,1,-1.0,0,10.0,1,59.0,1,0,1082.89,91819.73,1082.89,0.0,0.0,0.0,0.0,0
44,1,0,2.0,1,0.0,1,-1.0,0,2.0,1,-1.0,0,0,1105.79,20405.31,143.11,0.0,0.0,962.68,0.0,0
77,1,0,-1.0,0,-1.0,0,-1.0,0,2.0,1,-1.0,0,0,1474.54,73908.34,1127.25,0.0,23.8,323.49,0.0,0
73,0,0,106.0,1,27.0,1,-1.0,0,5.0,1,120.0,1,0,1290.68,7581.44,537.6,0.0,753.08,0.0,0.0,0
33,0,0,67.0,1,7.0,1,9.0,1,8.0,1,101.0,1,0,1358.8,20912.88,1358.8,0.0,0.0,0.0,0.0,0
78,1,0,0.0,1,0.0,1,5.0,1,0.0,1,40.0,1,0,1761.42,55855.27,137.08,0.0,1275.54,0.0,0.0,0
60,0,0,7.0,1,2.0,1,-1.0,0,10.0,1,-1.0,0,0,1391.62,86890.84,0.0,0.0,0.0,1391.62,0.0,0
101,1,0,1.0,1,1.0,1,2.0,1,1.0,1,-1.0,0,0,1400.0,110502.78,1400.0,0.0,0.0,0.0,0.0,0
25,1,0,7.0,1,7.0,1,7.0,1,16.0,1,-1.0,0,0,1826.6,128714.44,1241.61,0.0,0.0,0.0,0.0,0
119,1,0,4.0,1,4.0,1,8.0,1,10.0,1,43.0,1,0,1862.98,168749.04,1432.98,0.0,0.0,210.0,0.0,0
25,1,0,35.0,1,0.0,1,0.0,1,0.0,1,-1.0,0,0,1511.72,206223.84,1435.66,0.0,0.0,0.0,0.0,0
68,1,22,37.0,1,5.0,1,8.0,1,8.0,1,102.0,1,0,1613.86,79234.81,628.86,0.0,0.0,525.0,0.0,0
51,0,0,-1.0,0,-1.0,0,18.0,1,11.0,1,-1.0,0,0,1629.91,51817.11,1629.91,0.0,0.0,0.0,0.0,0
27,1,24,13.0,1,8.0,1,13.0,1,25.0,1,32.0,1,0,1643.34,8678.03,338.99,0.0,0.0,0.0,0.0,0
121,1,0,59.0,1,1.0,1,31.0,1,1.0,1,-1.0,0,0,1740.1,75938.22,1740.1,0.0,0.0,0.0,0.0,0
65,0,0,3.0,1,1.0,1,45.0,1,1.0,1,73.0,1,0,1762.47,28312.62,1138.53,0.0,0.0,0.0,0.0,0
28,0,0,-1.0,0,-1.0,0,0.0,1,0.0,1,-1.0,0,0,2270.48,2833.93,2270.48,0.0,0.0,0.0,0.0,0
18,1,0,1.0,1,1.0,1,3.0,1,1.0,1,-1.0,0,0,1845.0,283111.56,1845.0,0.0,0.0,0.0,0.0,0
134,1,29,-1.0,0,-1.0,0,2.0,1,23.0,1,36.0,1,0,2439.1,163400.08,0.0,0.0,0.0,2439.1,0.0,0
179,1,13,-1.0,0,-1.0,0,112.0,1,7.0,1,-1.0,0,0,1918.88,46990.14,305.14,0.0,0.0,0.0,0.0,0
0,0,0,65.0,1,1.0,1,5.0,1,2.0,1,-1.0,0,0,2128.0,5302.8,0.0,0.0,0.0,2128.0,0.0,0
0,0,0,84.0,1,0.0,1,-1.0,0,1.0,1,-1.0,0,0,2148.75,56906.57,407.4,0.0,0.0,0.0,0.0,0
23,1,30,89.0,1,4.0,1,11.0,1,10.0,1,52.0,1,0,2160.5,61088.54,240.35,0.0,27.79,0.0,0.0,0
118,1,0,-1.0,0,3.0,1,-1.0,0,-1.0,0,-1.0,0,0,2212.13,30232.76,0.0,0.0,2212.13,0.0,0.0,0
15,1,0,3.0,1,3.0,1,10.0,1,25.0,1,-1.0,0,0,2217.34,85138.33,0.0,0.0,0.0,2217.34,0.0,0
30,1,0,41.0,1,3.0,1,17.0,1,26.0,1,32.0,1,0,2346.5,373591.37,449.16,0.0,0.0,0.0,0.0,0
9,0,0,-1.0,0,0.0,1,-1.0,0,4.0,1,-1.0,0,0,2542.45,43160.87,2542.45,0.0,0.0,0.0,0.0,0
227,1,20,-1.0,0,5.0,1,8.0,1,26.0,1,-1.0,0,0,3401.76,291316.92,1266.76,0.0,0.0,0.0,0.0,0
14,0,0,121.0,1,0.0,1,1.0,1,2.0,1,43.0,1,0,2746.89,176142.63,1542.52,0.0,0.0,0.0,0.0,0
10,0,0,-1.0,0,0.0,1,-1.0,0,0.0,1,-1.0,0,0,2807.22,111286.4,590.5,0.0,0.0,0.0,0.0,0
40,1,0,1.0,1,1.0,1,6.0,1,21.0,1,-1.0,0,0,4067.37,68610.57,1064.3,0.0,0.0,3003.07,0.0,0
26,0,0,52.0,1,1.0,1,6.0,1,7.0,1,-1.0,0,0,3340.93,231403.71,3340.93,0.0,0.0,0.0,0.0,0
30,0,0,26.0,1,1.0,1,8.0,1,-1.0,0,-1.0,0,0,4376.9,94383.31,0.0,0.0,0.0,4376.9,0.0,0
14,1,0,5.0,1,-1.0,0,-1.0,0,7.0,1,-1.0,0,0,3537.1,38574.91,2937.1,0.0,600.0,0.0,0.0,0
6,0,0,85.0,1,4.0,1,11.0,1,5.0,1,-1.0,0,0,3542.31,56820.11,420.9,0.0,0.0,0.0,0.0,0
56,0,0,84.0,1,0.0,1,-1.0,0,0.0,1,104.0,1,0,4910.93,111326.78,826.85,0.0,0.0,0.0,0.0,0
54,1,22,17.0,1,0.0,1,3.0,1,14.0,1,-1.0,0,0,3886.78,109205.18,0.0,0.0,3886.78,0.0,0.0,0
140,1,0,10.0,1,1.0,1,-1.0,0,6.0,1,-1.0,0,0,4103.6,54696.89,1161.36,0.0,2942.24,0.0,0.0,0
81,0,1,0.0,1,-1.0,0,-1.0,0,-1.0,0,-1.0,0,0,4148.55,67605.91,0.0,0.0,4148.55,0.0,0.0,0
16,0,0,95.0,1,3.0,1,10.0,1,9.0,1,-1.0,0,0,4345.45,78963.03,964.97,0.0,0.0,0.0,0.0,0
51,1,0,28.0,1,24.0,1,3.0,1,4.0,1,-1.0,0,0,4406.67,89515.7,296.47,0.0,0.0,0.0,0.0,0
6,0,0,71.0,1,0.0,1,4.0,1,5.0,1,-1.0,0,0,4585.62,134086.74,1570.41,0.0,0.0,0.0,0.0,0
61,1,0,6.0,1,-1.0,0,-1.0,0,-1.0,0,-1.0,0,0,4718.13,669648.62,0.0,0.0,4718.13,0.0,0.0,0
79,1,0,-1.0,0,0.0,1,32.0,1,0.0,1,-1.0,0,0,34076.07,299073.88,34076.07,0.0,0.0,0.0,1.0,0
23,1,26,6.0,1,6.0,1,-1.0,0,26.0,1,49.0,1,0,88923.0,494060.39,2297.0,0.0,0.0,86626.0,3.0,0
19,1,0,-1.0,0,-1.0,0,-1.0,0,15.0,1,-1.0,0,0,95032.0,237833.0,5200.0,0.0,89832.0,0.0,3.0,0
132,0,0,120.0,1,0.0,1,4.0,1,8.0,1,30.0,1,0,100842.48,824725.22,1262.67,0.0,0.0,0.0,3.0,0
5,1,0,0.0,1,-1.0,0,-1.0,0,-1.0,0,-1.0,0,0,0.0,0.0,0.0,0.0,0.0,0.0,-1.0,1
0,0,0,-1.0,0,0.0,1,-1.0,0,-1.0,0,-1.0,0,0,0.0,0.0,0.0,0.0,0.0,0.0,-1.0,1
0,0,0,-1.0,0,0.0,1,-1.0,0,-1.0,0,-1.0,0,0,0.0,0.0,0.0,0.0,0.0,0.0,-1.0,1
0,0,0,-1.0,0,0.0,1,-1.0,0,-1.0,0,-1.0,0,0,0.0,0.0,0.0,0.0,0.0,0.0,-1.0,1
0,0,0,-1.0,0,0.0,1,-1.0,0,-1.0,0,-1.0,0,0,0.0,0.0,0.0,0.0,0.0,0.0,-1.0,1
0,0,0,-1.0,0,-1.0,0,-1.0,0,-1.0,0,-1.0,0,0,0.0,100.0,0.0,0.0,0.0,0.0,-1.0,1
0,0,0,-1.0,0,0.0,1,-1.0,0,-1.0,0,-1.0,0,0,0.0,472.92,0.0,0.0,0.0,0.0,-1.0,1
7,1,0,-1.0,0,-1.0,0,-1.0,0,-1.0,0,-1.0,0,0,0.0,0.0,0.0,0.0,0.0,0.0,-1.0,1
8,1,0,-1.0,0,-1.0,0,-1.0,0,-1.0,0,-1.0,0,0,0.0,0.0,0.0,0.0,0.0,0.0,-1.0,1
0,0,0,-1.0,0,0.0,1,-1.0,0,-1.0,0,-1.0,0,0,0.0,0.0,0.0,0.0,0.0,0.0,-1.0,1
3,1,0,-1.0,0,0.0,1,-1.0,0,-1.0,0,-1.0,0,0,0.0,5913.03,0.0,0.0,0.0,0.0,-1.0,1
0,0,0,-1.0,0,0.0,1,3.0,1,-1.0,0,-1.0,0,0,0.0,9695.86,0.0,0.0,0.0,0.0,-1.0,1
6,1,0,0.0,1,-1.0,0,-1.0,0,-1.0,0,-1.0,0,0,0.0,0.0,0.0,0.0,0.0,0.0,-1.0,1
0,0,0,-1.0,0,0.0,1,-1.0,0,-1.0,0,-1.0,0,0,0.0,0.0,0.0,0.0,0.0,0.0,-1.0,1
0,0,0,-1.0,0,-1.0,0,-1.0,0,-1.0,0,-1.0,0,0,0.0,100.0,0.0,0.0,0.0,0.0,-1.0,1
7,0,0,0.0,1,-1.0,0,5.0,1,-1.0,0,-1.0,0,0,0.0,11174.23,0.0,0.0,0.0,0.0,-1.0,1
6,1,0,5.0,1,-1.0,0,-1.0,0,-1.0,0,-1.0,0,0,0.0,971.91,0.0,0.0,0.0,0.0,-1.0,1
0,0,0,-1.0,0,-1.0,0,-1.0,0,-1.0,0,-1.0,0,0,0.0,0.0,0.0,0.0,0.0,0.0,-1.0,1
0,0,0,-1.0,0,-1.0,0,-1.0,0,-1.0,0,-1.0,0,0,0.0,0.0,0.0,0.0,0.0,0.0,-1.0,1
0,1,0,-1.0,0,-1.0,0,-1.0,0,-1.0,0,-1.0,0,0,0.0,0.0,0.0,0.0,0.0,0.0,-1.0,1
0,0,0,-1.0,0,-1.0,0,-1.0,0,-1.0,0,-1.0,0,0,0.0,0.0,0.0,0.0,0.0,0.0,-1.0,1
4,0,0,-1.0,0,3.0,1,-1.0,0,4.0,1,-1.0,0,0,0.0,36238.69,0.0,0.0,0.0,0.0,-1.0,1
0,0,0,-1.0,0,1.0,1,-1.0,0,-1.0,0,-1.0,0,0,0.0,0.0,0.0,0.0,0.0,0.0,-1.0,1
5,0,0,-1.0,0,13.0,1,-1.0,0,-1.0,0,-1.0,0,0,0.0,1549.18,0.0,0.0,0.0,0.0,-1.0,1
0,0,0,-1.0,0,1.0,1,-1.0,0,-1.0,0,-1.0,0,0,0.0,0.0,0.0,0.0,0.0,0.0,-1.0,1
12,1,0,4.0,1,4.0,1,5.0,1,-1.0,0,-1.0,0,0,0.0,9078.81,0.0,0.0,0.0,0.0,-1.0,1
4,1,0,6.0,1,6.0,1,-1.0,0,-1.0,0,-1.0,0,0,0.0,12901.15,0.0,0.0,0.0,0.0,-1.0,1
0,1,0,-1.0,0,5.0,1,-1.0,0,12.0,1,-1.0,0,0,0.0,58107.04,0.0,0.0,0.0,0.0,-1.0,1
0,0,0,-1.0,0,1.0,1,-1.0,0,-1.0,0,-1.0,0,0,0.0,110705.26,0.0,0.0,0.0,0.0,-1.0,1
0,1,0,-1.0,0,4.0,1,5.0,1,-1.0,0,-1.0,0,0,0.0,55148.79,0.0,0.0,0.0,0.0,-1.0,1
0,0,0,-1.0,0,0.0,1,-1.0,0,-1.0,0,-1.0,0,0,0.0,0.0,0.0,0.0,0.0,0.0,-1.0,1
14,1,0,5.0,1,12.0,1,6.0,1,-1.0,0,-1.0,0,0,0.0,1004.8,0.0,0.0,0.0,0.0,-1.0,1
13,1,0,2.0,1,1.0,1,2.0,1,-1.0,0,-1.0,0,0,0.0,27571.82,0.0,0.0,0.0,0.0,-1.0,1
13,1,0,-1.0,0,11.0,1,10.0,1,-1.0,0,-1.0,0,0,0.0,0.0,0.0,0.0,0.0,0.0,-1.0,1
0,0,0,-1.0,0,1.0,1,-1.0,0,-1.0,0,-1.0,0,0,0.0,0.0,0.0,0.0,0.0,0.0,-1.0,1
7,1,0,-1.0,0,-1.0,0,-1.0,0,-1.0,0,-1.0,0,0,0.0,100.0,0.0,0.0,0.0,0.0,-1.0,1
4,1,0,2.0,1,2.0,1,2.0,1,-1.0,0,-1.0,0,0,0.0,103852.39,0.0,0.0,0.0,0.0,-1.0,1
17,1,0,0.0,1,0.0,1,8.0,1,-1.0,0,-1.0,0,0,0.0,11958.65,0.0,0.0,0.0,0.0,-1.0,1
4,0,0,-1.0,0,6.0,1,-1.0,0,-1.0,0,-1.0,0,0,0.0,2172.46,0.0,0.0,0.0,0.0,-1.0,0
0,1,0,-1.0,0,4.0,1,-1.0,0,-1.0,0,-1.0,0,0,0.0,46771.78,0.0,0.0,0.0,0.0,-1.0,0
0,0,0,-1.0,0,-1.0,0,-1.0,0,9.0,1,-1.0,0,0,0.0,5191.98,0.0,0.0,0.0,0.0,-1.0,0
0,0,0,-1.0,0,5.0,1,6.0,1,-1.0,0,36.0,1,0,0.0,78084.28,0.0,0.0,0.0,0.0,-1.0,0
37,1,0,6.0,1,1.0,1,-1.0,0,-1.0,0,-1.0,0,0,0.0,1046375.98,0.0,0.0,0.0,0.0,-1.0,0
0,0,0,-1.0,0,3.0,1,7.0,1,-1.0,0,-1.0,0,0,0.0,138085.98,0.0,0.0,0.0,0.0,-1.0,0
0,0,0,-1.0,0,0.0,1,-1.0,0,-1.0,0,-1.0,0,0,0.0,3372.27,0.0,0.0,0.0,0.0,-1.0,0
16,0,0,-1.0,0,0.0,1,-1.0,0,-1.0,0,-1.0,0,0,0.0,55902.33,0.0,0.0,0.0,0.0,-1.0,0
0,0,0,-1.0,0,6.0,1,14.0,1,13.0,1,-1.0,0,0,0.0,2361.62,0.0,0.0,0.0,0.0,-1.0,0
11,1,0,5.0,1,-1.0,0,-1.0,0,-1.0,0,-1.0,0,0,0.0,7600.0,0.0,0.0,0.0,0.0,-1.0,0
24,0,0,10.0,1,3.0,1,29.0,1,17.0,1,-1.0,0,0,0.0,45617.48,0.0,0.0,0.0,0.0,-1.0,0
1,0,0,-1.0,0,1.0,1,-1.0,0,-1.0,0,-1.0,0,0,0.0,900.84,0.0,0.0,0.0,0.0,-1.0,0
0,1,0,-1.0,0,26.0,1,10.0,1,29.0,1,40.0,1,0,0.0,923.28,0.0,0.0,0.0,0.0,-1.0,0
0,0,0,-1.0,0,0.0,1,35.0,1,-1.0,0,-1.0,0,0,0.0,113691.0,0.0,0.0,0.0,0.0,-1.0,0
6,1,0,-1.0,0,-1.0,0,49.0,1,-1.0,0,-1.0,0,0,0.0,0.0,0.0,0.0,0.0,0.0,-1.0,0
19,0,0,0.0,1,0.0,1,-1.0,0,1.0,1,-1.0,0,0,0.0,77654.35,0.0,0.0,0.0,0.0,-1.0,0
0,0,0,-1.0,0,4.0,1,-1.0,0,4.0,1,-1.0,0,0,0.0,69472.09,0.0,0.0,0.0,0.0,-1.0,0
0,0,0,-1.0,0,-1.0,0,-1.0,0,-1.0,0,43.0,1,0,0.0,7952.46,0.0,0.0,0.0,0.0,-1.0,0
9,1,0,-1.0,0,0.0,1,9.0,1,-1.0,0,-1.0,0,0,0.0,124828.61,0.0,0.0,0.0,0.0,-1.0,0
78,1,0,3.0,1,-1.0,0,20.0,1,-1.0,0,-1.0,0,0,0.0,63998.6,0.0,0.0,0.0,0.0,-1.0,0
21,0,0,12.0,1,0.0,1,27.0,1,41.0,1,32.0,1,0,0.0,3944.32,0.0,0.0,0.0,0.0,-1.0,0
3,0,0,81.0,1,1.0,1,8.0,1,7.0,1,-1.0,0,0,0.0,12864.77,0.0,0.0,0.0,0.0,-1.0,0
17,0,0,-1.0,0,7.0,1,7.0,1,71.0,1,46.0,1,0,0.0,13054.67,0.0,0.0,0.0,0.0,-1.0,0
4,0,0,27.0,1,27.0,1,-1.0,0,31.0,1,-1.0,0,0,0.0,17734.65,0.0,0.0,0.0,0.0,-1.0,0
13,0,0,6.0,1,0.0,1,8.0,1,89.0,1,-1.0,0,0,0.0,2619.61,0.0,0.0,0.0,0.0,-1.0,0
1,0,0,-1.0,0,4.0,1,-1.0,0,-1.0,0,39.0,1,0,0.0,185116.89,0.0,0.0,0.0,0.0,-1.0,0
4,0,0,7.0,1,5.0,1,-1.0,0,12.0,1,-1.0,0,0,0.0,1241.58,0.0,0.0,0.0,0.0,-1.0,0
1,1,0,-1.0,0,-1.0,0,-1.0,0,-1.0,0,-1.0,0,0,0.0,0.0,0.0,0.0,0.0,0.0,-1.0,0
2,1,0,-1.0,0,24.0,1,-1.0,0,-1.0,0,-1.0,0,0,0.0,32793.1,0.0,0.0,0.0,0.0,-1.0,0
23,0,0,2.0,1,0.0,1,-1.0,0,2.0,1,-1.0,0,0,0.0,40965.49,0.0,0.0,0.0,0.0,-1.0,0
0,0,0,-1.0,0,1.0,1,14.0,1,3.0,1,-1.0,0,0,0.0,1204.74,0.0,0.0,0.0,0.0,-1.0,0
14,0,0,113.0,1,0.0,1,56.0,1,70.0,1,81.0,1,0,0.0,84203.84,0.0,0.0,0.0,0.0,-1.0,0
3,0,0,-1.0,0,1.0,1,17.0,1,-1.0,0,-1.0,0,0,0.0,92225.48,0.0,0.0,0.0,0.0,-1.0,0
0,0,0,-1.0,0,0.0,1,-1.0,0,-1.0,0,-1.0,0,0,0.0,13873.77,0.0,0.0,0.0,0.0,-1.0,0
6,0,0,-1.0,0,5.0,1,-1.0,0,-1.0,0,-1.0,0,0,0.0,9804.16,0.0,0.0,0.0,0.0,-1.0,0
23,0,0,73.0,1,0.0,1,-1.0,0,1.0,1,-1.0,0,0,0.0,67969.55,0.0,0.0,0.0,0.0,-1.0,0
10,0,0,96.0,1,0.0,1,96.0,1,119.0,1,-1.0,0,0,0.0,415480.68,0.0,0.0,0.0,0.0,-1.0,0
2,0,0,-1.0,0,61.0,1,-1.0,0,-1.0,0,-1.0,0,0,0.0,642.0,0.0,0.0,0.0,0.0,-1.0,0
1,0,0,80.0,1,-1.0,0,-1.0,0,-1.0,0,-1.0,0,0,0.0,20082.25,0.0,0.0,0.0,0.0,-1.0,0
0,0,0,-1.0,0,0.0,1,-1.0,0,-1.0,0,-1.0,0,0,0.0,0.0,0.0,0.0,0.0,0.0,-1.0,0
1,1,0,-1.0,0,6.0,1,29.0,1,19.0,1,-1.0,0,0,0.0,107305.53,0.0,0.0,0.0,0.0,-1.0,0
15,0,0,95.0,1,2.0,1,-1.0,0,17.0,1,-1.0,0,0,0.0,99963.72,0.0,0.0,0.0,0.0,-1.0,0
51,0,0,86.0,1,-1.0,0,-1.0,0,35.0,1,35.0,1,0,0.0,12515.2,0.0,0.0,0.0,0.0,-1.0,0
35,0,0,123.0,1,1.0,1,29.0,1,1.0,1,72.0,1,0,0.0,19664.48,0.0,0.0,0.0,0.0,-1.0,0
10,0,0,-1.0,0,12.0,1,-1.0,0,-1.0,0,-1.0,0,0,0.0,932.7,0.0,0.0,0.0,0.0,-1.0,0
17,0,0,19.0,1,1.0,1,19.0,1,36.0,1,-1.0,0,0,0.0,970.66,0.0,0.0,0.0,0.0,-1.0,0
18,0,0,5.0,1,0.0,1,5.0,1,-1.0,0,-1.0,0,0,0.0,2990.32,0.0,0.0,0.0,0.0,-1.0,0
55,0,15,99.0,1,2.0,1,15.0,1,20.0,1,74.0,1,0,0.0,6923.07,0.0,0.0,0.0,0.0,-1.0,0
9,0,0,1.0,1,0.0,1,14.0,1,1.0,1,-1.0,0,0,0.0,11046.77,0.0,0.0,0.0,0.0,-1.0,0
12,0,0,5.0,1,5.0,1,15.0,1,-1.0,0,-1.0,0,0,0.0,13514.1,0.0,0.0,0.0,0.0,-1.0,0
5,0,0,13.0,1,1.0,1,-1.0,0,-1.0,0,-1.0,0,0,0.0,15405.47,0.0,0.0,0.0,0.0,-1.0,0
24,0,24,5.0,1,14.0,1,14.0,1,19.0,1,67.0,1,0,0.0,20392.6,0.0,0.0,0.0,0.0,-1.0,0
28,0,0,-1.0,0,-1.0,0,-1.0,0,38.0,1,-1.0,0,0,0.0,23853.2,0.0,0.0,0.0,0.0,-1.0,0
37,0,0,1.0,1,0.0,1,-1.0,0,-1.0,0,-1.0,0,0,0.0,55198.07,0.0,0.0,0.0,0.0,-1.0,0
4,0,0,-1.0,0,6.0,1,-1.0,0,38.0,1,-1.0,0,0,0.0,102445.85,0.0,0.0,0.0,0.0,-1.0,0
2,0,0,-1.0,0,0.0,1,-1.0,0,-1.0,0,-1.0,0,0,0.0,229333.53,0.0,0.0,0.0,0.0,-1.0,0
5,0,24,2.0,1,2.0,1,-1.0,0,36.0,1,-1.0,0,0,0.0,0.0,0.0,0.0,0.0,0.0,-1.0,0
5,0,0,69.0,1,69.0,1,77.0,1,77.0,1,-1.0,0,0,0.0,0.0,0.0,0.0,0.0,0.0,-1.0,0
3,0,0,-1.0,0,-1.0,0,27.0,1,-1.0,0,-1.0,0,0,0.0,0.0,0.0,0.0,0.0,0.0,-1.0,0
2,1,0,-1.0,0,-1.0,0,15.0,1,-1.0,0,-1.0,0,0,0.0,10.0,0.0,0.0,0.0,0.0,-1.0,0
4,1,0,5.0,1,-1.0,0,5.0,1,-1.0,0,-1.0,0,0,0.0,131.6,0.0,0.0,0.0,0.0,-1.0,0
8,1,0,-1.0,0,0.0,1,3.0,1,28.0,1,-1.0,0,0,0.0,551.2,0.0,0.0,0.0,0.0,-1.0,0
6,1,0,0.0,1,0.0,1,-1.0,0,-1.0,0,-1.0,0,0,0.0,934.0,0.0,0.0,0.0,0.0,-1.0,0
28,1,0,-1.0,0,10.0,1,44.0,1,18.0,1,-1.0,0,0,0.0,961.32,0.0,0.0,0.0,0.0,-1.0,0
21,1,0,18.0,1,29.0,1,42.0,1,31.0,1,-1.0,0,0,0.0,1017.83,0.0,0.0,0.0,0.0,-1.0,0
41,1,0,2.0,1,1.0,1,6.0,1,12.0,1,30.0,1,0,0.0,1190.1,0.0,0.0,0.0,0.0,-1.0,0
8,1,0,7.0,1,7.0,1,19.0,1,-1.0,0,-1.0,0,0,0.0,1272.26,0.0,0.0,0.0,0.0,-1.0,0
11,1,0,2.0,1,2.0,1,9.0,1,10.0,1,-1.0,0,0,0.0,2552.36,0.0,0.0,0.0,0.0,-1.0,0
16,1,0,29.0,1,-1.0,0,29.0,1,13.0,1,-1.0,0,0,0.0,2752.98,0.0,0.0,0.0,0.0,-1.0,0
1,1,0,7.0,1,7.0,1,22.0,1,-1.0,0,-1.0,0,0,0.0,2829.15,0.0,0.0,0.0,0.0,-1.0,0
12,1,0,5.0,1,5.0,1,-1.0,0,33.0,1,-1.0,0,0,0.0,3126.34,0.0,0.0,0.0,0.0,-1.0,0
8,1,0,4.0,1,-1.0,0,-1.0,0,-1.0,0,-1.0,0,0,0.0,3503.0,0.0,0.0,0.0,0.0,-1.0,0
21,1,0,18.0,1,18.0,1,23.0,1,-1.0,0,63.0,1,0,0.0,3814.8,0.0,0.0,0.0,0.0,-1.0,0
9,1,14,7.0,1,1.0,1,-1.0,0,-1.0,0,-1.0,0,0,0.0,4161.63,0.0,0.0,0.0,0.0,-1.0,0
29,1,0,0.0,1,4.0,1,5.0,1,8.0,1,-1.0,0,0,0.0,4216.83,0.0,0.0,0.0,0.0,-1.0,0
65,1,0,0.0,1,0.0,1,-1.0,0,2.0,1,-1.0,0,0,0.0,5263.5,0.0,0.0,0.0,0.0,-1.0,0
30,1,0,9.0,1,9.0,1,9.0,1,45.0,1,-1.0,0,0,0.0,5371.98,0.0,0.0,0.0,0.0,-1.0,0
2,1,0,6.0,1,6.0,1,13.0,1,-1.0,0,-1.0,0,0,0.0,5943.0,0.0,0.0,0.0,0.0,-1.0,0
12,1,0,-1.0,0,3.0,1,14.0,1,6.0,1,65.0,1,0,0.0,6467.91,0.0,0.0,0.0,0.0,-1.0,0
85,1,0,24.0,1,3.0,1,-1.0,0,43.0,1,-1.0,0,0,0.0,6501.56,0.0,0.0,0.0,0.0,-1.0,0
53,1,0,24.0,1,2.0,1,23.0,1,39.0,1,42.0,1,0,0.0,6845.0,0.0,0.0,0.0,0.0,-1.0,0
21,1,9,3.0,1,3.0,1,-1.0,0,43.0,1,-1.0,0,0,0.0,7004.32,0.0,0.0,0.0,0.0,-1.0,0
47,1,0,0.0,1,0.0,1,5.0,1,10.0,1,63.0,1,0,0.0,7875.23,0.0,0.0,0.0,0.0,-1.0,0
18,1,0,10.0,1,4.0,1,40.0,1,96.0,1,-1.0,0,0,0.0,8463.5,0.0,0.0,0.0,0.0,-1.0,0
69,1,0,-1.0,0,-1.0,0,-1.0,0,-1.0,0,-1.0,0,0,0.0,9095.0,0.0,0.0,0.0,0.0,-1.0,0
17,1,0,4.0,1,4.0,1,-1.0,0,33.0,1,-1.0,0,0,0.0,9412.62,0.0,0.0,0.0,0.0,-1.0,0
33,1,0,20.0,1,0.0,1,26.0,1,53.0,1,32.0,1,0,0.0,10156.35,0.0,0.0,0.0,0.0,-1.0,0
22,1,0,23.0,1,-1.0,0,7.0,1,-1.0,0,53.0,1,0,0.0,10251.99,0.0,0.0,0.0,0.0,-1.0,0
96,1,11,28.0,1,28.0,1,7.0,1,37.0,1,57.0,1,0,0.0,10572.4,0.0,0.0,0.0,0.0,-1.0,0
38,1,0,7.0,1,2.0,1,10.0,1,29.0,1,66.0,1,0,0.0,11406.18,0.0,0.0,0.0,0.0,-1.0,0
22,1,0,9.0,1,9.0,1,9.0,1,59.0,1,-1.0,0,0,0.0,11875.92,0.0,0.0,0.0,0.0,-1.0,0
69,1,0,15.0,1,8.0,1,11.0,1,9.0,1,125.0,1,0,0.0,12472.41,0.0,0.0,0.0,0.0,-1.0,0
8,1,0,22.0,1,4.0,1,7.0,1,-1.0,0,101.0,1,0,0.0,12905.5,0.0,0.0,0.0,0.0,-1.0,0
59,1,0,77.0,1,0.0,1,-1.0,0,10.0,1,96.0,1,0,0.0,13753.87,0.0,0.0,0.0,0.0,-1.0,0
9,1,0,16.0,1,16.0,1,21.0,1,-1.0,0,-1.0,0,0,0.0,13755.4,0.0,0.0,0.0,0.0,-1.0,0
9,1,0,51.0,1,7.0,1,-1.0,0,-1.0,0,-1.0,0,0,0.0,14083.18,0.0,0.0,0.0,0.0,-1.0,0
9,1,0,31.0,1,5.0,1,9.0,1,34.0,1,-1.0,0,0,0.0,14276.32,0.0,0.0,0.0,0.0,-1.0,0
40,1,0,37.0,1,14.0,1,7.0,1,12.0,1,46.0,1,0,0.0,14554.22,0.0,0.0,0.0,0.0,-1.0,0
37,1,0,73.0,1,-1.0,0,20.0,1,-1.0,0,91.0,1,0,0.0,14594.6,0.0,0.0,0.0,0.0,-1.0,0
1,1,0,35.0,1,35.0,1,-1.0,0,-1.0,0,-1.0,0,0,0.0,14838.6,0.0,0.0,0.0,0.0,-1.0,0
21,1,0,28.0,1,0.0,1,4.0,1,13.0,1,145.0,1,0,0.0,14996.07,0.0,0.0,0.0,0.0,-1.0,0
66,1,0,27.0,1,6.0,1,6.0,1,41.0,1,44.0,1,0,0.0,15899.25,0.0,0.0,0.0,0.0,-1.0,0
39,1,17,2.0,1,2.0,1,23.0,1,28.0,1,40.0,1,0,0.0,17489.94,0.0,0.0,0.0,0.0,-1.0,0
80,1,20,10.0,1,2.0,1,14.0,1,41.0,1,59.0,1,0,0.0,17746.61,0.0,0.0,0.0,0.0,-1.0,0
26,1,0,15.0,1,7.0,1,8.0,1,-1.0,0,74.0,1,0,0.0,18112.5,0.0,0.0,0.0,0.0,-1.0,0
10,1,0,-1.0,0,0.0,1,5.0,1,-1.0,0,-1.0,0,0,0.0,19522.5,0.0,0.0,0.0,0.0,-1.0,0
51,1,0,-1.0,0,5.0,1,22.0,1,-1.0,0,-1.0,0,0,0.0,19902.5,0.0,0.0,0.0,0.0,-1.0,0
11,1,0,15.0,1,14.0,1,6.0,1,-1.0,0,-1.0,0,0,0.0,20129.95,0.0,0.0,0.0,0.0,-1.0,0
28,1,0,13.0,1,13.0,1,29.0,1,56.0,1,55.0,1,0,0.0,20416.52,0.0,0.0,0.0,0.0,-1.0,0
103,1,0,-1.0,0,22.0,1,23.0,1,24.0,1,-1.0,0,0,0.0,22069.17,0.0,0.0,0.0,0.0,-1.0,0
64,1,0,48.0,1,8.0,1,9.0,1,-1.0,0,74.0,1,0,0.0,22557.23,0.0,0.0,0.0,0.0,-1.0,0
10,1,0,-1.0,0,5.0,1,12.0,1,44.0,1,-1.0,0,0,0.0,24373.12,0.0,0.0,0.0,0.0,-1.0,0
31,1,0,0.0,1,0.0,1,-1.0,0,39.0,1,94.0,1,0,0.0,25052.1,0.0,0.0,0.0,0.0,-1.0,0
111,1,14,-1.0,0,9.0,1,5.0,1,-1.0,0,38.0,1,0,0.0,25730.8,0.0,0.0,0.0,0.0,-1.0,0
43,1,0,11.0,1,11.0,1,-1.0,0,36.0,1,31.0,1,0,0.0,25781.49,0.0,0.0,0.0,0.0,-1.0,0
10,1,0,14.0,1,-1.0,0,-1.0,0,-1.0,0,-1.0,0,0,0.0,26092.24,0.0,0.0,0.0,0.0,-1.0,0
38,1,0,90.0,1,5.0,1,6.0,1,63.0,1,34.0,1,0,0.0,26710.25,0.0,0.0,0.0,0.0,-1.0,0
13,1,0,5.0,1,5.0,1,41.0,1,50.0,1,-1.0,0,0,0.0,27248.49,0.0,0.0,0.0,0.0,-1.0,0
25,1,0,9.0,1,4.0,1,9.0,1,64.0,1,71.0,1,0,0.0,27264.36,0.0,0.0,0.0,0.0,-1.0,0
21,1,0,14.0,1,13.0,1,12.0,1,18.0,1,46.0,1,0,0.0,28343.65,0.0,0.0,0.0,0.0,-1.0,0
11,1,0,4.0,1,-1.0,0,29.0,1,31.0,1,-1.0,0,0,0.0,28793.31,0.0,0.0,0.0,0.0,-1.0,0
40,1,0,48.0,1,12.0,1,15.0,1,53.0,1,41.0,1,0,0.0,29252.55,0.0,0.0,0.0,0.0,-1.0,0
0,1,0,52.0,1,52.0,1,51.0,1,-1.0,0,-1.0,0,0,0.0,31191.8,0.0,0.0,0.0,0.0,-1.0,0
60,1,0,13.0,1,12.0,1,12.0,1,21.0,1,56.0,1,0,0.0,35230.12,0.0,0.0,0.0,0.0,-1.0,0
46,1,0,9.0,1,1.0,1,14.0,1,17.0,1,-1.0,0,0,0.0,42326.22,0.0,0.0,0.0,0.0,-1.0,0
29,1,0,86.0,1,19.0,1,26.0,1,92.0,1,84.0,1,0,0.0,43738.1,0.0,0.0,0.0,0.0,-1.0,0
3,1,0,19.0,1,-1.0,0,19.0,1,-1.0,0,-1.0,0,0,0.0,45479.6,0.0,0.0,0.0,0.0,-1.0,0
4,1,0,18.0,1,18.0,1,18.0,1,-1.0,0,-1.0,0,0,0.0,48784.61,0.0,0.0,0.0,0.0,-1.0,0
46,1,0,15.0,1,12.0,1,44.0,1,42.0,1,40.0,1,0,0.0,51297.14,0.0,0.0,0.0,0.0,-1.0,0
9,1,0,-1.0,0,7.0,1,7.0,1,62.0,1,-1.0,0,0,0.0,52215.39,0.0,0.0,0.0,0.0,-1.0,0
23,1,0,1.0,1,1.0,1,33.0,1,-1.0,0,-1.0,0,0,0.0,53071.77,0.0,0.0,0.0,0.0,-1.0,0
61,1,0,21.0,1,7.0,1,10.0,1,21.0,1,80.0,1,0,0.0,55100.63,0.0,0.0,0.0,0.0,-1.0,0
52,1,0,15.0,1,7.0,1,14.0,1,47.0,1,-1.0,0,0,0.0,55195.62,0.0,0.0,0.0,0.0,-1.0,0
59,1,0,8.0,1,8.0,1,55.0,1,15.0,1,42.0,1,0,0.0,56096.04,0.0,0.0,0.0,0.0,-1.0,0
69,1,0,21.0,1,0.0,1,-1.0,0,42.0,1,132.0,1,0,0.0,58422.11,0.0,0.0,0.0,0.0,-1.0,0
15,1,20,14.0,1,-1.0,0,8.0,1,-1.0,0,-1.0,0,0,0.0,59223.96,0.0,0.0,0.0,0.0,-1.0,0
11,1,0,44.0,1,-1.0,0,32.0,1,-1.0,0,-1.0,0,0,0.0,60620.35,0.0,0.0,0.0,0.0,-1.0,0
32,1,3,67.0,1,1.0,1,15.0,1,42.0,1,34.0,1,0,0.0,64904.05,0.0,0.0,0.0,0.0,-1.0,0
18,1,0,45.0,1,8.0,1,17.0,1,17.0,1,87.0,1,0,0.0,68529.71,0.0,0.0,0.0,0.0,-1.0,0
44,1,0,107.0,1,9.0,1,16.0,1,23.0,1,71.0,1,0,0.0,72948.39,0.0,0.0,0.0,0.0,-1.0,0
21,1,0,7.0,1,7.0,1,-1.0,0,-1.0,0,-1.0,0,0,0.0,86490.94,0.0,0.0,0.0,0.0,-1.0,0
7,1,0,2.0,1,2.0,1,2.0,1,28.0,1,-1.0,0,0,0.0,93514.73,0.0,0.0,0.0,0.0,-1.0,0
122,1,0,17.0,1,0.0,1,13.0,1,105.0,1,43.0,1,0,0.0,94260.71,0.0,0.0,0.0,0.0,-1.0,0
134,1,0,-1.0,0,-1.0,0,53.0,1,41.0,1,-1.0,0,0,0.0,95685.43,0.0,0.0,0.0,0.0,-1.0,0
121,1,0,43.0,1,12.0,1,41.0,1,22.0,1,53.0,1,0,0.0,97216.39,0.0,0.0,0.0,0.0,-1.0,0
15,1,0,111.0,1,29.0,1,-1.0,0,48.0,1,-1.0,0,0,0.0,99936.47,0.0,0.0,0.0,0.0,-1.0,0
43,1,0,33.0,1,-1.0,0,28.0,1,-1.0,0,36.0,1,0,0.0,100796.87,0.0,0.0,0.0,0.0,-1.0,0
2,1,0,-1.0,0,29.0,1,-1.0,0,-1.0,0,-1.0,0,0,0.0,106154.76,0.0,0.0,0.0,0.0,-1.0,0
36,1,0,52.0,1,0.0,1,12.0,1,55.0,1,46.0,1,0,0.0,107355.7,0.0,0.0,0.0,0.0,-1.0,0
51,1,0,4.0,1,49.0,1,-1.0,0,64.0,1,51.0,1,0,0.0,110261.98,0.0,0.0,0.0,0.0,-1.0,0
41,1,0,14.0,1,-1.0,0,5.0,1,19.0,1,-1.0,0,0,0.0,114760.18,0.0,0.0,0.0,0.0,-1.0,0
41,1,0,22.0,1,0.0,1,22.0,1,-1.0,0,43.0,1,0,0.0,118187.1,0.0,0.0,0.0,0.0,-1.0,0
40,1,0,38.0,1,0.0,1,1.0,1,15.0,1,-1.0,0,0,0.0,131433.78,0.0,0.0,0.0,0.0,-1.0,0
99,1,0,45.0,1,0.0,1,37.0,1,38.0,1,-1.0,0,0,0.0,161222.74,0.0,0.0,0.0,0.0,-1.0,0
48,1,0,-1.0,0,1.0,1,39.0,1,70.0,1,-1.0,0,0,0.0,184219.2,0.0,0.0,0.0,0.0,-1.0,0
23,1,0,18.0,1,35.0,1,-1.0,0,36.0,1,32.0,1,0,0.0,202158.21,0.0,0.0,0.0,0.0,-1.0,0
22,1,4,1.0,1,1.0,1,25.0,1,-1.0,0,-1.0,0,0,0.0,207329.63,0.0,0.0,0.0,0.0,-1.0,0
46,1,0,2.0,1,1.0,1,28.0,1,-1.0,0,-1.0,0,0,0.0,219248.17,0.0,0.0,0.0,0.0,-1.0,0
2,1,0,29.0,1,29.0,1,29.0,1,29.0,1,-1.0,0,0,0.0,234964.9,0.0,0.0,0.0,0.0,-1.0,0
6,1,0,5.0,1,15.0,1,-1.0,0,-1.0,0,-1.0,0,0,0.0,402611.14,0.0,0.0,0.0,0.0,-1.0,0
144,1,0,0.0,1,33.0,1,6.0,1,30.0,1,-1.0,0,0,0.0,410885.55,0.0,0.0,0.0,0.0,-1.0,0
2,1,0,-1.0,0,0.0,1,-1.0,0,-1.0,0,-1.0,0,0,0.0,0.0,0.0,0.0,0.0,0.0,-1.0,0
19,1,0,0.0,1,0.0,1,1.0,1,33.0,1,-1.0,0,0,0.0,0.0,0.0,0.0,0.0,0.0,-1.0,0
12,1,0,1.0,1,1.0,1,1.0,1,-1.0,0,-1.0,0,0,0.0,0.0,0.0,0.0,0.0,0.0,-1.0,0
49,1,0,1.0,1,1.0,1,23.0,1,-1.0,0,56.0,1,0,0.0,0.0,0.0,0.0,0.0,0.0,-1.0,0
11,1,0,38.0,1,38.0,1,49.0,1,56.0,1,-1.0,0,0,0.0,0.0,0.0,0.0,0.0,0.0,-1.0,0
21,1,0,89.0,1,45.0,1,-1.0,0,69.0,1,-1.0,0,0,0.0,0.0,0.0,0.0,0.0,0.0,-1.0,0
2,1,0,10.0,1,-1.0,0,14.0,1,-1.0,0,-1.0,0,0,0.0,0.0,0.0,0.0,0.0,0.0,-1.0,0
3,1,0,-1.0,0,-1.0,0,-1.0,0,-1.0,0,-1.0,0,0,0.0,0.0,0.0,0.0,0.0,0.0,-1.0,0
4,1,0,13.0,1,-1.0,0,13.0,1,-1.0,0,-1.0,0,0,0.0,0.0,0.0,0.0,0.0,0.0,-1.0,0
5,1,0,78.0,1,-1.0,0,39.0,1,-1.0,0,105.0,1,0,0.0,0.0,0.0,0.0,0.0,0.0,-1.0,0
6,1,0,28.0,1,-1.0,0,37.0,1,-1.0,0,-1.0,0,0,0.0,0.0,0.0,0.0,0.0,0.0,-1.0,0
6,1,0,6.0,1,-1.0,0,-1.0,0,-1.0,0,-1.0,0,0,0.0,0.0,0.0,0.0,0.0,0.0,-1.0,0
14,1,0,3.0,1,-1.0,0,-1.0,0,58.0,1,-1.0,0,0,0.0,0.0,0.0,0.0,0.0,0.0,-1.0,0
33,1,0,49.0,1,-1.0,0,147.0,1,77.0,1,-1.0,0,0,0.0,0.0,0.0,0.0,0.0,0.0,-1.0,0
42,1,0,7.0,1,-1.0,0,7.0,1,52.0,1,-1.0,0,0,0.0,0.0,0.0,0.0,0.0,0.0,-1.0,0
0,1,0,-1.0,0,-1.0,0,-1.0,0,-1.0,0,-1.0,0,0,0.0,0.0,0.0,0.0,0.0,0.0,-1.0,0
0,1,0,-1.0,0,-1.0,0,-1.0,0,-1.0,0,-1.0,0,0,0.0,0.0,0.0,0.0,0.0,0.0,-1.0,0
0,1,0,-1.0,0,-1.0,0,-1.0,0,-1.0,0,-1.0,0,0,0.0,0.0,0.0,0.0,0.0,0.0,-1.0,0
31,0,0,66.0,1,0.0,1,35.0,1,42.0,1,37.0,1,0,0.0,187.18,0.0,0.0,0.0,0.0,-1.0,0
25,0,0,115.0,1,7.0,1,8.0,1,9.0,1,58.0,1,0,0.0,199.0,0.0,0.0,0.0,0.0,-1.0,0
13,0,0,2.0,1,0.0,1,6.0,1,113.0,1,-1.0,0,0,0.0,319.8,0.0,0.0,0.0,0.0,-1.0,0
5,1,0,-1.0,0,9.0,1,-1.0,0,22.0,1,-1.0,0,0,0.0,512.69,0.0,0.0,0.0,0.0,-1.0,0
5,0,0,-1.0,0,5.0,1,-1.0,0,-1.0,0,-1.0,0,0,0.0,580.3,0.0,0.0,0.0,0.0,-1.0,0
24,0,0,-1.0,0,151.0,1,143.0,1,168.0,1,-1.0,0,0,0.0,1898.4,0.0,0.0,0.0,0.0,-1.0,0
2,0,0,-1.0,0,-1.0,0,-1.0,0,-1.0,0,-1.0,0,0,0.0,2924.13,0.0,0.0,0.0,0.0,-1.0,0
2,0,0,-1.0,0,-1.0,0,-1.0,0,-1.0,0,-1.0,0,0,0.0,5300.64,0.0,0.0,0.0,0.0,-1.0,0
28,0,0,11.0,1,0.0,1,21.0,1,1.0,1,78.0,1,0,0.0,5525.81,0.0,0.0,0.0,0.0,-1.0,0
62,0,0,74.0,1,2.0,1,105.0,1,3.0,1,72.0,1,0,0.0,6373.59,0.0,0.0,0.0,0.0,-1.0,0
24,1,0,89.0,1,8.0,1,26.0,1,9.0,1,54.0,1,0,0.0,7018.55,0.0,0.0,0.0,0.0,-1.0,0
0,0,0,126.0,1,-1.0,0,17.0,1,33.0,1,-1.0,0,0,0.0,8936.54,0.0,0.0,0.0,0.0,-1.0,0
7,0,0,-1.0,0,1.0,1,24.0,1,-1.0,0,44.0,1,0,0.0,13317.81,0.0,0.0,0.0,0.0,-1.0,0
32,0,0,84.0,1,-1.0,0,-1.0,0,-1.0,0,46.0,1,0,0.0,15946.09,0.0,0.0,0.0,0.0,-1.0,0
16,0,0,89.0,1,11.0,1,65.0,1,66.0,1,-1.0,0,0,0.0,17131.45,0.0,0.0,0.0,0.0,-1.0,0
8,0,0,-1.0,0,8.0,1,-1.0,0,47.0,1,47.0,1,0,0.0,19250.87,0.0,0.0,0.0,0.0,-1.0,0
90,0,0,78.0,1,0.0,1,-1.0,0,-1.0,0,-1.0,0,0,0.0,21676.78,0.0,0.0,0.0,0.0,-1.0,0
12,0,0,-1.0,0,149.0,1,-1.0,0,-1.0,0,-1.0,0,0,0.0,22299.85,0.0,0.0,0.0,0.0,-1.0,0
71,0,0,-1.0,0,1.0,1,49.0,1,59.0,1,-1.0,0,0,0.0,24365.74,0.0,0.0,0.0,0.0,-1.0,0
2,0,0,154.0,1,1.0,1,154.0,1,-1.0,0,154.0,1,0,0.0,26870.1,0.0,0.0,0.0,0.0,-1.0,0
39,1,0,109.0,1,1.0,1,105.0,1,109.0,1,112.0,1,0,0.0,31234.21,0.0,0.0,0.0,0.0,-1.0,0
0,0,0,182.0,1,0.0,1,-1.0,0,-1.0,0,-1.0,0,0,0.0,32993.87,0.0,0.0,0.0,0.0,-1.0,0
10,0,0,-1.0,0,1.0,1,10.0,1,44.0,1,-1.0,0,0,0.0,33168.58,0.0,0.0,0.0,0.0,-1.0,0
56,0,0,193.0,1,11.0,1,74.0,1,34.0,1,83.0,1,0,0.0,43947.24,0.0,0.0,0.0,0.0,-1.0,0
22,0,0,74.0,1,0.0,1,57.0,1,58.0,1,-1.0,0,0,0.0,44098.28,0.0,0.0,0.0,0.0,-1.0,0
22,0,0,0.0,1,42.0,1,-1.0,0,42.0,1,-1.0,0,0,0.0,45343.18,0.0,0.0,0.0,0.0,-1.0,0
20,0,0,22.0,1,7.0,1,20.0,1,21.0,1,39.0,1,0,0.0,45851.02,0.0,0.0,0.0,0.0,-1.0,0
30,0,0,87.0,1,41.0,1,-1.0,0,42.0,1,156.0,1,0,0.0,47879.96,0.0,0.0,0.0,0.0,-1.0,0
21,0,0,-1.0,0,9.0,1,31.0,1,123.0,1,84.0,1,0,0.0,54143.36,0.0,0.0,0.0,0.0,-1.0,0
32,0,0,-1.0,0,1.0,1,1.0,1,14.0,1,-1.0,0,0,0.0,56966.8,0.0,0.0,0.0,0.0,-1.0,0
15,0,0,114.0,1,0.0,1,15.0,1,15.0,1,-1.0,0,0,0.0,57854.57,0.0,0.0,0.0,0.0,-1.0,0
17,0,0,42.0,1,0.0,1,13.0,1,12.0,1,43.0,1,0,0.0,59278.19,0.0,0.0,0.0,0.0,-1.0,0
179,0,0,39.0,1,0.0,1,32.0,1,0.0,1,43.0,1,0,0.0,72413.15,0.0,0.0,0.0,0.0,-1.0,0
31,0,0,-1.0,0,5.0,1,-1.0,0,-1.0,0,-1.0,0,0,0.0,73306.04,0.0,0.0,0.0,0.0,-1.0,0
56,0,0,0.0,1,0.0,1,35.0,1,41.0,1,-1.0,0,0,0.0,79811.04,0.0,0.0,0.0,0.0,-1.0,0
31,0,0,84.0,1,10.0,1,33.0,1,129.0,1,138.0,1,0,0.0,87939.8,0.0,0.0,0.0,0.0,-1.0,0
10,0,0,99.0,1,5.0,1,97.0,1,104.0,1,-1.0,0,0,0.0,94502.18,0.0,0.0,0.0,0.0,-1.0,0
12,0,0,-1.0,0,7.0,1,63.0,1,71.0,1,-1.0,0,0,0.0,103903.79,0.0,0.0,0.0,0.0,-1.0,0
56,0,0,66.0,1,27.0,1,76.0,1,-1.0,0,86.0,1,0,0.0,108114.18,0.0,0.0,0.0,0.0,-1.0,0
10,0,0,7.0,1,13.0,1,7.0,1,-1.0,0,-1.0,0,0,0.0,114810.48,0.0,0.0,0.0,0.0,-1.0,0
18,0,0,-1.0,0,-1.0,0,-1.0,0,-1.0,0,-1.0,0,0,0.0,180591.78,0.0,0.0,0.0,0.0,-1.0,0
81,0,0,46.0,1,3.0,1,18.0,1,-1.0,0,49.0,1,0,0.0,285827.78,0.0,0.0,0.0,0.0,-1.0,0
0,0,0,-1.0,0,0.0,1,-1.0,0,-1.0,0,-1.0,0,0,0.0,0.0,0.0,0.0,0.0,0.0,-1.0,0
0,0,0,-1.0,0,0.0,1,-1.0,0,-1.0,0,-1.0,0,0,0.0,0.0,0.0,0.0,0.0,0.0,-1.0,0
37,1,0,117.0,1,6.0,1,17.0,1,80.0,1,64.0,1,0,0.0,0.0,0.0,0.0,0.0,0.0,-1.0,0
1,0,0,-1.0,0,-1.0,0,61.0,1,-1.0,0,-1.0,0,0,0.0,0.0,0.0,0.0,0.0,0.0,-1.0,0
0,0,0,-1.0,0,-1.0,0,-1.0,0,-1.0,0,-1.0,0,0,0.0,0.0,0.0,0.0,0.0,0.0,-1.0,0
0,0,0,-1.0,0,-1.0,0,-1.0,0,-1.0,0,-1.0,0,0,0.0,0.0,0.0,0.0,0.0,0.0,-1.0,0
12,1,0,64.0,1,0.0,1,5.0,1,-1.0,0,12.0,1,32,198.57,500458.04,0.0,198.57,0.0,0.0,0.0,0
9,1,0,95.0,1,1.0,1,-1.0,0,9.0,1,15.0,1,28,2122.39,134161.6,2122.39,0.0,0.0,0.0,0.0,0
124,1,0,0.0,1,0.0,1,0.0,1,-1.0,0,4.0,1,25,107858.49,249178.35,0.0,85342.16,1580.54,20935.79,1.0,0
43,1,0,16.0,1,3.0,1,8.0,1,14.0,1,14.0,1,24,6411.67,98801.95,711.2,5700.47,0.0,0.0,0.0,0
45,1,22,8.0,1,0.0,1,7.0,1,20.0,1,22.0,1,22,8440.59,329663.26,770.0,7670.59,0.0,0.0,0.0,0
62,1,25,1.0,1,1.0,1,1.0,1,45.0,1,13.0,1,21,113592.03,285780.98,0.0,99506.76,14085.27,0.0,1.0,0
27,1,0,100.0,1,5.0,1,5.0,1,36.0,1,12.0,1,18,119542.01,298025.32,0.0,119542.01,0.0,0.0,1.0,0
40,1,0,3.0,1,3.0,1,7.0,1,8.0,1,10.0,1,14,37191.74,163816.3,104.88,35622.63,0.0,1464.23,1.0,0
50,1,0,3.0,1,0.0,1,-1.0,0,3.0,1,4.0,1,12,12577.84,84928.45,461.15,12116.69,0.0,0.0,0.0,0
13,1,0,2.0,1,2.0,1,15.0,1,7.0,1,16.0,1,12,5557.0,295838.99,0.0,5557.0,0.0,0.0,0.0,0
42,1,0,-1.0,0,0.0,1,7.0,1,-1.0,0,15.0,1,11,0.0,247320.44,0.0,0.0,0.0,0.0,-1.0,0
116,1,27,2.0,1,0.0,1,9.0,1,21.0,1,13.0,1,10,8743.49,121606.92,614.65,6535.94,0.0,1236.7,0.0,0
43,1,0,0.0,1,0.0,1,-1.0,0,1.0,1,4.0,1,10,1604.73,23173.74,79.1,1525.63,0.0,0.0,0.0,1
25,1,0,1.0,1,1.0,1,5.0,1,48.0,1,9.0,1,10,1280.0,4471.65,0.0,1280.0,0.0,0.0,0.0,0
94,1,0,116.0,1,4.0,1,7.0,1,10.0,1,8.0,1,9,18205.65,74924.29,1058.86,16403.17,0.0,0.0,0.0,0
25,1,0,2.0,1,0.0,1,9.0,1,0.0,1,0.0,1,9,16794.86,112498.45,938.41,14361.65,0.0,0.0,0.0,0
31,1,0,0.0,1,0.0,1,-1.0,0,8.0,1,7.0,1,9,339.13,4884.27,127.0,89.49,122.64,0.0,0.0,1
45,1,0,18.0,1,13.0,1,19.0,1,21.0,1,19.0,1,8,39388.06,675323.74,2130.55,33722.28,0.0,3141.02,0.0,0
116,1,0,32.0,1,1.0,1,3.0,1,14.0,1,18.0,1,8,7416.0,128420.09,1256.5,5253.5,295.0,0.0,0.0,0
126,1,0,6.0,1,2.0,1,-1.0,0,5.0,1,13.0,1,8,6415.36,130809.82,680.3,4012.89,1125.0,0.0,0.0,0
12,1,0,0.0,1,0.0,1,3.0,1,-1.0,0,7.0,1,8,3547.66,276904.67,0.0,3547.66,0.0,0.0,0.0,0
75,1,0,77.0,1,10.0,1,11.0,1,13.0,1,17.0,1,8,1763.02,62207.72,697.22,0.0,689.2,0.0,0.0,0
35,1,0,31.0,1,0.0,1,1.0,1,6.0,1,2.0,1,7,5112.18,151666.97,82.7,1557.15,0.0,0.0,0.0,0
207,1,4,88.0,1,25.0,1,1.0,1,0.0,1,10.0,1,7,1540.7,31272.18,360.69,0.0,1180.01,0.0,0.0,0
2,1,0,38.0,1,8.0,1,8.0,1,14.0,1,12.0,1,6,41696.99,359517.45,0.0,14762.5,313.0,26621.49,0.0,0
24,1,0,89.0,1,8.0,1,12.0,1,-1.0,0,9.0,1,6,7652.98,133717.45,0.0,7652.98,0.0,0.0,0.0,0
160,1,0,64.0,1,1.0,1,4.0,1,5.0,1,27.0,1,6,10700.33,124005.0,3635.59,6354.94,0.0,0.0,0.0,0
61,1,0,89.0,1,4.0,1,9.0,1,68.0,1,20.0,1,6,4656.26,25708.06,0.0,4656.26,0.0,0.0,0.0,0
77,1,25,1.0,1,6.0,1,6.0,1,23.0,1,20.0,1,6,4787.11,94346.94,207.86,3277.55,0.0,0.0,0.0,0
71,1,0,1.0,1,1.0,1,5.0,1,-1.0,0,12.0,1,6,2107.24,50970.57,0.0,1787.59,0.0,319.65,0.0,0
148,1,22,3.0,1,0.0,1,-1.0,0,3.0,1,18.0,1,5,161.88,64617.96,0.0,161.88,0.0,0.0,0.0,0
16,1,0,105.0,1,0.0,1,32.0,1,4.0,1,6.0,1,4,68065.51,295868.39,7800.64,48586.09,8107.88,3570.9,1.0,0
102,1,0,57.0,1,1.0,1,5.0,1,-1.0,0,6.0,1,4,36255.88,436644.57,0.0,36255.88,0.0,0.0,0.0,0
13,1,0,1.0,1,1.0,1,-1.0,0,-1.0,0,11.0,1,4,13431.69,112928.05,0.0,13299.09,0.0,132.6,0.0,0
28,1,0,4.0,1,4.0,1,9.0,1,14.0,1,14.0,1,4,1883.14,39402.66,237.13,1646.01,0.0,0.0,0.0,0
50,1,0,6.0,1,6.0,1,-1.0,0,26.0,1,10.0,1,4,21046.25,509868.62,0.0,1170.19,0.0,19876.06,0.0,0
25,1,0,4.0,1,2.0,1,4.0,1,32.0,1,25.0,1,4,193.42,43142.35,0.0,193.42,0.0,0.0,0.0,0
46,1,0,1.0,1,1.0,1,4.0,1,16.0,1,1.0,1,3,3358.96,80262.35,515.02,1658.2,924.56,261.18,0.0,0
53,1,0,3.0,1,0.0,1,3.0,1,-1.0,0,10.0,1,3,428.15,42400.0,0.0,428.15,0.0,0.0,0.0,0
50,1,0,4.0,1,0.0,1,-1.0,0,4.0,1,4.0,1,3,4472.46,156191.29,1360.54,294.71,2703.56,0.0,0.0,0
24,1,0,3.0,1,0.0,1,11.0,1,40.0,1,21.0,1,3,223.9,51504.47,0.0,223.9,0.0,0.0,0.0,0
236,1,13,105.0,1,0.0,1,5.0,1,-1.0,0,18.0,1,3,7856.69,238091.64,0.0,10.0,7846.69,0.0,0.0,0
33,1,14,3.0,1,3.0,1,-1.0,0,13.0,1,13.0,1,3,287.32,33769.11,177.34,0.0,0.0,0.0,0.0,0
172,1,0,-1.0,0,13.0,1,15.0,1,-1.0,0,22.0,1,2,15512.88,238040.59,0.0,15512.88,0.0,0.0,0.0,0
101,1,0,57.0,1,1.0,1,14.0,1,18.0,1,13.0,1,2,2974.42,149773.4,123.21,2851.21,0.0,0.0,0.0,0
79,1,0,16.0,1,5.0,1,6.0,1,15.0,1,22.0,1,2,3188.31,131608.05,476.9,2711.41,0.0,0.0,0.0,0
50,1,17,0.0,1,-1.0,0,8.0,1,37.0,1,21.0,1,2,2578.9,13475.35,0.0,2578.9,0.0,0.0,0.0,0
44,1,26,7.0,1,7.0,1,-1.0,0,32.0,1,17.0,1,2,2131.4,88786.99,0.0,1876.39,0.0,255.01,0.0,0
15,1,0,44.0,1,35.0,1,14.0,1,35.0,1,21.0,1,2,1153.0,17540.58,0.0,1153.0,0.0,0.0,0.0,0
33,1,6,80.0,1,0.0,1,17.0,1,24.0,1,23.0,1,2,488.95,26156.82,0.0,488.95,0.0,0.0,0.0,0
13,1,0,6.0,1,6.0,1,-1.0,0,-1.0,0,22.0,1,2,244.93,31508.68,0.0,244.93,0.0,0.0,0.0,0
64,1,0,-1.0,0,1.0,1,5.0,1,6.0,1,14.0,1,2,858.81,196394.26,147.91,0.0,0.0,0.0,0.0,0
81,1,0,28.0,1,3.0,1,3.0,1,3.0,1,14.0,1,2,1784.04,49098.4,669.73,0.0,0.0,844.41,0.0,0
95,1,0,25.0,1,6.0,1,6.0,1,26.0,1,27.0,1,2,1533.7,174903.46,1533.7,0.0,0.0,0.0,0.0,0
97,1,0,16.0,1,1.0,1,6.0,1,-1.0,0,21.0,1,1,56592.1,440270.6,0.0,55768.66,823.44,0.0,1.0,0
56,1,0,21.0,1,4.0,1,12.0,1,-1.0,0,19.0,1,1,13986.28,123855.34,0.0,12837.71,0.0,1148.57,0.0,0
33,1,8,1.0,1,0.0,1,6.0,1,12.0,1,12.0,1,1,16290.78,417323.33,9847.79,5771.34,0.0,0.0,0.0,0
21,1,0,-1.0,0,5.0,1,25.0,1,63.0,1,30.0,1,1,4060.5,1343978.65,0.0,4060.5,0.0,0.0,0.0,0
4,1,0,113.0,1,5.0,1,6.0,1,6.0,1,18.0,1,1,3419.83,64616.23,274.4,2686.53,0.0,0.0,0.0,0
31,1,0,1.0,1,1.0,1,-1.0,0,-1.0,0,18.0,1,1,1656.44,76329.2,0.0,1656.44,0.0,0.0,0.0,0
46,1,0,65.0,1,0.0,1,8.0,1,20.0,1,20.0,1,1,1985.36,108460.08,250.6,1621.96,0.0,0.0,0.0,0
90,1,16,2.0,1,0.0,1,6.0,1,9.0,1,12.0,1,1,3958.93,156242.56,175.36,1067.16,1846.39,0.0,0.0,0
10,1,0,3.0,1,3.0,1,7.0,1,-1.0,0,25.0,1,1,1009.7,112430.13,0.0,1009.7,0.0,0.0,0.0,0
14,1,0,4.0,1,4.0,1,-1.0,0,28.0,1,29.0,1,1,960.4,141228.03,0.0,960.4,0.0,0.0,0.0,0
83,1,0,16.0,1,0.0,1,2.0,1,0.0,1,10.0,1,1,2623.72,49182.99,1278.97,367.41,629.4,0.0,0.0,0
195,1,0,17.0,1,0.0,1,1.0,1,62.0,1,20.0,1,1,1173.7,94823.09,0.0,219.8,953.9,0.0,0.0,0
36,1,0,11.0,1,2.0,1,11.0,1,27.0,1,27.0,1,1,230.21,1573.46,230.21,0.0,0.0,0.0,0.0,0
100,1,0,16.0,1,3.0,1,-1.0,0,9.0,1,9.0,1,1,681.38,33386.18,444.58,0.0,236.8,0.0,0.0,0
50,1,0,-1.0,0,1.0,1,7.0,1,7.0,1,14.0,1,1,900.74,54017.74,850.84,0.0,0.0,0.0,0.0,0
40,1,0,0.0,1,55.0,1,0.0,1,29.0,1,26.0,1,1,3916.88,137644.97,0.0,0.0,3916.88,0.0,0.0,0
66,1,0,15.0,1,14.0,1,7.0,1,17.0,1,22.0,1,1,6037.39,64921.55,1059.61,0.0,1051.93,0.0,0.0,0
12,1,0,0.0,1,0.0,1,-1.0,0,-1.0,0,0.0,1,1,0.0,0.0,0.0,0.0,0.0,0.0,-1.0,1
19,1,0,17.0,1,0.0,1,2.0,1,-1.0,0,21.0,1,1,0.0,346156.66,0.0,0.0,0.0,0.0,-1.0,0
10,1,0,-1.0,0,27.0,1,6.0,1,47.0,1,12.0,1,1,0.0,160030.77,0.0,0.0,0.0,0.0,-1.0,0
23,1,0,1.0,1,0.0,1,2.0,1,46.0,1,26.0,1,1,0.0,2467.02,0.0,0.0,0.0,0.0,-1.0,0
39,1,0,12.0,1,8.0,1,22.0,1,13.0,1,28.0,1,1,0.0,11017.07,0.0,0.0,0.0,0.0,-1.0,0
22,1,0,-1.0,0,23.0,1,12.0,1,30.0,1,29.0,1,1,0.0,90295.11,0.0,0.0,0.0,0.0,-1.0,0
0,1,0,-1.0,0,0.0,1,-1.0,0,-1.0,0,-1.0,0,0,3.98,19943.58,3.98,0.0,0.0,0.0,0.0,0
111,1,0,21.0,1,0.0,1,3.0,1,12.0,1,-1.0,0,0,5.9,2592.99,0.0,0.0,5.9,0.0,0.0,0
6,1,0,6.0,1,5.0,1,-1.0,0,7.0,1,-1.0,0,0,65.0,51261.0,65.0,0.0,0.0,0.0,0.0,0
96,1,0,17.0,1,1.0,1,6.0,1,20.0,1,31.0,1,0,122.22,28257.27,122.22,0.0,0.0,0.0,0.0,0
17,1,0,11.0,1,11.0,1,-1.0,0,25.0,1,-1.0,0,0,303.81,67919.49,303.81,0.0,0.0,0.0,0.0,0
23,1,0,21.0,1,0.0,1,0.0,1,24.0,1,40.0,1,0,198.43,52482.52,0.0,0.0,198.43,0.0,0.0,0
3,1,0,-1.0,0,3.0,1,21.0,1,21.0,1,-1.0,0,0,283.68,152935.85,283.68,0.0,0.0,0.0,0.0,0
44,1,0,-1.0,0,1.0,1,-1.0,0,16.0,1,48.0,1,0,542.5,10411.72,0.0,0.0,542.5,0.0,0.0,0
47,1,0,6.0,1,11.0,1,-1.0,0,15.0,1,-1.0,0,0,739.45,29376.25,0.0,0.0,739.45,0.0,0.0,0
9,1,0,0.0,1,0.0,1,14.0,1,5.0,1,-1.0,0,0,819.61,93000.83,361.78,0.0,0.0,0.0,0.0,0
34,1,0,4.0,1,0.0,1,5.0,1,5.0,1,-1.0,0,0,967.48,9859.72,761.08,0.0,206.4,0.0,0.0,0
22,1,0,105.0,1,0.0,1,11.0,1,14.0,1,55.0,1,0,635.49,77888.28,635.49,0.0,0.0,0.0,0.0,0
115,1,0,-1.0,0,8.0,1,16.0,1,35.0,1,35.0,1,0,644.1,247388.18,0.0,0.0,644.1,0.0,0.0,0
70,1,0,-1.0,0,8.0,1,-1.0,0,16.0,1,33.0,1,0,682.58,61751.17,157.71,0.0,524.87,0.0,0.0,0
128,1,0,16.0,1,0.0,1,2.0,1,21.0,1,-1.0,0,0,700.67,631334.96,700.67,0.0,0.0,0.0,0.0,0
19,1,0,5.0,1,1.0,1,-1.0,0,18.0,1,-1.0,0,0,1125.95,308274.66,422.22,0.0,0.0,0.0,0.0,0
25,1,0,3.0,1,3.0,1,12.0,1,3.0,1,31.0,1,0,1188.7,158207.9,1188.7,0.0,0.0,0.0,0.0,0
35,1,0,-1.0,0,1.0,1,7.0,1,28.0,1,-1.0,0,0,1016.0,195938.34,0.0,0.0,1016.0,0.0,0.0,0
23,1,0,87.0,1,2.0,1,21.0,1,8.0,1,-1.0,0,0,818.91,212303.85,818.91,0.0,0.0,0.0,0.0,0
29,1,0,1.0,1,8.0,1,2.0,1,1.0,1,-1.0,0,0,1519.7,7567.41,253.55,0.0,0.0,132.9,0.0,0
14,1,0,8.0,1,8.0,1,-1.0,0,27.0,1,-1.0,0,0,1359.48,180506.78,520.57,0.0,0.0,838.91,0.0,0
11,1,0,5.0,1,5.0,1,-1.0,0,14.0,1,-1.0,0,0,1432.4,200780.58,58.98,0.0,0.0,1373.42,0.0,0
57,1,0,16.0,1,1.0,1,15.0,1,23.0,1,-1.0,0,0,1125.6,208427.25,1125.6,0.0,0.0,0.0,0.0,1
25,1,0,107.0,1,0.0,1,189.0,1,2.0,1,50.0,1,0,1230.39,66575.24,366.89,0.0,0.0,0.0,0.0,0
31,1,9,0.0,1,0.0,1,4.0,1,0.0,1,-1.0,0,0,2551.99,68982.08,53.0,0.0,0.0,2498.99,0.0,0
13,1,0,1.0,1,1.0,1,-1.0,0,15.0,1,-1.0,0,0,2643.0,24447.72,1229.07,0.0,0.0,863.95,0.0,0
149,1,17,1.0,1,1.0,1,2.0,1,1.0,1,-1.0,0,0,2685.47,21891.26,0.0,0.0,2371.71,313.76,0.0,0
49,1,15,4.0,1,4.0,1,8.0,1,14.0,1,38.0,1,0,1992.53,188672.48,1992.53,0.0,0.0,0.0,0.0,0
90,1,0,-1.0,0,15.0,1,15.0,1,18.0,1,-1.0,0,0,2577.05,183410.88,2577.05,0.0,0.0,0.0,0.0,0
6,1,0,112.0,1,0.0,1,5.0,1,3.0,1,-1.0,0,0,2085.52,136017.69,2085.52,0.0,0.0,0.0,0.0,0
41,1,0,-1.0,0,-1.0,0,13.0,1,21.0,1,103.0,1,0,3563.12,158165.15,660.68,0.0,0.0,0.0,0.0,0
33,1,0,119.0,1,5.0,1,10.0,1,6.0,1,31.0,1,0,4235.77,319014.3,2590.62,0.0,0.0,0.0,0.0,0
17,1,0,-1.0,0,0.0,1,-1.0,0,2.0,1,-1.0,0,0,3702.41,300009.4,841.72,0.0,0.0,0.0,0.0,0
12,1,0,-1.0,0,0.0,1,5.0,1,31.0,1,43.0,1,0,4542.53,74819.45,4542.53,0.0,0.0,0.0,0.0,0
150,1,24,4.0,1,4.0,1,5.0,1,10.0,1,-1.0,0,0,2969.37,59331.66,818.25,0.0,493.8,0.0,0.0,0
18,1,0,0.0,1,0.0,1,-1.0,0,0.0,1,42.0,1,0,4957.84,310817.68,1559.9,0.0,0.0,2384.95,0.0,0
22,1,0,108.0,1,0.0,1,23.0,1,3.0,1,31.0,1,0,5493.79,302928.7,807.56,0.0,0.0,0.0,0.0,0
171,1,10,28.0,1,14.0,1,-1.0,0,5.0,1,40.0,1,0,4061.64,471044.57,4061.64,0.0,0.0,0.0,0.0,0
60,1,0,1.0,1,1.0,1,-1.0,0,-1.0,0,36.0,1,0,5029.69,175796.11,0.0,0.0,5029.69,0.0,0.0,0
27,1,16,-1.0,0,107.0,1,16.0,1,3.0,1,-1.0,0,0,6504.77,96957.65,6504.77,0.0,0.0,0.0,0.0,0
55,1,0,0.0,1,0.0,1,-1.0,0,0.0,1,-1.0,0,0,5849.73,148019.05,1680.76,0.0,0.0,0.0,0.0,0
82,1,26,71.0,1,0.0,1,11.0,1,1.0,1,-1.0,0,0,6649.12,292833.07,1024.05,0.0,1999.65,0.0,0.0,0
63,1,7,0.0,1,0.0,1,-1.0,0,7.0,1,-1.0,0,0,10959.19,78946.56,2342.64,0.0,0.0,8011.16,0.0,0
6,1,0,5.0,1,-1.0,0,8.0,1,8.0,1,-1.0,0,0,9957.51,23113.79,6827.68,0.0,0.0,0.0,0.0,0
18,1,0,105.0,1,3.0,1,-1.0,0,4.0,1,-1.0,0,0,33957.26,211773.96,4025.58,0.0,3310.87,0.0,0.0,0
33,1,0,40.0,1,34.0,1,-1.0,0,2.0,1,68.0,1,0,21795.58,375080.25,21795.58,0.0,0.0,0.0,0.0,0
0,1,0,-1.0,0,0.0,1,-1.0,0,-1.0,0,-1.0,0,0,0.0,0.0,0.0,0.0,0.0,0.0,-1.0,1
0,1,0,-1.0,0,0.0,1,-1.0,0,-1.0,0,-1.0,0,0,0.0,0.0,0.0,0.0,0.0,0.0,-1.0,1
0,1,0,-1.0,0,0.0,1,-1.0,0,-1.0,0,-1.0,0,0,0.0,12065.1,0.0,0.0,0.0,0.0,-1.0,1
0,1,0,-1.0,0,0.0,1,-1.0,0,-1.0,0,-1.0,0,0,0.0,3358.9,0.0,0.0,0.0,0.0,-1.0,1
0,1,0,-1.0,0,0.0,1,-1.0,0,-1.0,0,-1.0,0,0,0.0,0.0,0.0,0.0,0.0,0.0,-1.0,1
4,1,0,7.0,1,1.0,1,7.0,1,-1.0,0,-1.0,0,0,0.0,120.7,0.0,0.0,0.0,0.0,-1.0,1
9,1,0,8.0,1,1.0,1,-1.0,0,-1.0,0,-1.0,0,0,0.0,30765.2,0.0,0.0,0.0,0.0,-1.0,1
4,1,0,-1.0,0,-1.0,0,-1.0,0,-1.0,0,-1.0,0,0,0.0,0.0,0.0,0.0,0.0,0.0,-1.0,1
3,1,0,-1.0,0,6.0,1,8.0,1,-1.0,0,-1.0,0,0,0.0,0.0,0.0,0.0,0.0,0.0,-1.0,1
2,1,0,-1.0,0,-1.0,0,-1.0,0,-1.0,0,-1.0,0,0,0.0,0.0,0.0,0.0,0.0,0.0,-1.0,1
4,1,0,0.0,1,0.0,1,-1.0,0,-1.0,0,-1.0,0,0,0.0,0.0,0.0,0.0,0.0,0.0,-1.0,1
6,1,0,-1.0,0,-1.0,0,-1.0,0,-1.0,0,-1.0,0,0,0.0,0.0,0.0,0.0,0.0,0.0,-1.0,1
4,1,0,6.0,1,6.0,1,6.0,1,-1.0,0,-1.0,0,0,0.0,16071.79,0.0,0.0,0.0,0.0,-1.0,1
4,1,0,8.0,1,-1.0,0,-1.0,0,-1.0,0,-1.0,0,0,0.0,0.0,0.0,0.0,0.0,0.0,-1.0,1
0,1,0,-1.0,0,2.0,1,-1.0,0,-1.0,0,-1.0,0,0,0.0,321761.05,0.0,0.0,0.0,0.0,-1.0,1
1,1,0,-1.0,0,-1.0,0,-1.0,0,-1.0,0,-1.0,0,0,0.0,0.0,0.0,0.0,0.0,0.0,-1.0,1
4,1,0,-1.0,0,-1.0,0,-1.0,0,-1.0,0,-1.0,0,0,0.0,0.0,0.0,0.0,0.0,0.0,-1.0,1
1,1,0,-1.0,0,-1.0,0,-1.0,0,-1.0,0,-1.0,0,0,0.0,0.0,0.0,0.0,0.0,0.0,-1.0,1
13,1,0,1.0,1,1.0,1,-1.0,0,-1.0,0,-1.0,0,0,0.0,0.0,0.0,0.0,0.0,0.0,-1.0,1
7,1,0,0.0,1,0.0,1,-1.0,0,-1.0,0,-1.0,0,0,0.0,258324.18,0.0,0.0,0.0,0.0,-1.0,0
3,1,0,24.0,1,-1.0,0,21.0,1,-1.0,0,-1.0,0,0,0.0,0.0,0.0,0.0,0.0,0.0,-1.0,0
0,1,0,-1.0,0,7.0,1,6.0,1,-1.0,0,-1.0,0,0,0.0,412657.28,0.0,0.0,0.0,0.0,-1.0,0
3,1,0,14.0,1,14.0,1,-1.0,0,-1.0,0,-1.0,0,0,0.0,205005.29,0.0,0.0,0.0,0.0,-1.0,0
0,1,0,-1.0,0,5.0,1,8.0,1,14.0,1,43.0,1,0,0.0,124768.79,0.0,0.0,0.0,0.0,-1.0,0
31,1,0,-1.0,0,-1.0,0,-1.0,0,-1.0,0,-1.0,0,0,0.0,513808.99,0.0,0.0,0.0,0.0,-1.0,0
0,1,0,-1.0,0,3.0,1,13.0,1,35.0,1,-1.0,0,0,0.0,328761.24,0.0,0.0,0.0,0.0,-1.0,0
2,1,0,-1.0,0,0.0,1,11.0,1,-1.0,0,51.0,1,0,0.0,310943.71,0.0,0.0,0.0,0.0,-1.0,0
0,1,0,-1.0,0,0.0,1,-1.0,0,-1.0,0,-1.0,0,0,0.0,261723.62,0.0,0.0,0.0,0.0,-1.0,0
9,1,0,4.0,1,4.0,1,-1.0,0,-1.0,0,-1.0,0,0,0.0,25923.74,0.0,0.0,0.0,0.0,-1.0,0
0,1,0,-1.0,0,3.0,1,-1.0,0,4.0,1,-1.0,0,0,0.0,89975.4,0.0,0.0,0.0,0.0,-1.0,0
0,1,0,-1.0,0,-1.0,0,-1.0,0,-1.0,0,-1.0,0,0,0.0,0.0,0.0,0.0,0.0,0.0,-1.0,0
0,1,0,-1.0,0,0.0,1,-1.0,0,-1.0,0,-1.0,0,0,0.0,594038.87,0.0,0.0,0.0,0.0,-1.0,0
12,1,0,44.0,1,6.0,1,12.0,1,9.0,1,-1.0,0,0,0.0,27430.56,0.0,0.0,0.0,0.0,-1.0,0
0,1,0,-1.0,0,21.0,1,-1.0,0,-1.0,0,-1.0,0,0,0.0,609776.42,0.0,0.0,0.0,0.0,-1.0,0
2,0,0,1.0,1,-1.0,0,-1.0,0,-1.0,0,-1.0,0,0,0.0,8057.28,0.0,0.0,0.0,0.0,-1.0,0
20,0,0,4.0,1,14.0,1,4.0,1,43.0,1,47.0,1,0,0.0,19510.7,0.0,0.0,0.0,0.0,-1.0,0
2,1,0,6.0,1,6.0,1,22.0,1,-1.0,0,-1.0,0,0,0.0,158.0,0.0,0.0,0.0,0.0,-1.0,0
13,1,0,3.0,1,3.0,1,-1.0,0,50.0,1,-1.0,0,0,0.0,239.9,0.0,0.0,0.0,0.0,-1.0,0
8,1,0,1.0,1,-1.0,0,-1.0,0,-1.0,0,-1.0,0,0,0.0,797.01,0.0,0.0,0.0,0.0,-1.0,0
5,1,0,-1.0,0,-1.0,0,12.0,1,-1.0,0,-1.0,0,0,0.0,890.0,0.0,0.0,0.0,0.0,-1.0,0
20,1,0,0.0,1,-1.0,0,14.0,1,-1.0,0,-1.0,0,0,0.0,1090.13,0.0,0.0,0.0,0.0,-1.0,0
18,1,0,4.0,1,4.0,1,13.0,1,8.0,1,-1.0,0,0,0.0,1108.7,0.0,0.0,0.0,0.0,-1.0,0
10,1,20,0.0,1,0.0,1,4.0,1,22.0,1,54.0,1,0,0.0,2153.65,0.0,0.0,0.0,0.0,-1.0,0
4,1,0,1.0,1,-1.0,0,-1.0,0,-1.0,0,-1.0,0,0,0.0,2522.55,0.0,0.0,0.0,0.0,-1.0,0
32,1,0,63.0,1,0.0,1,28.0,1,84.0,1,118.0,1,0,0.0,3723.75,0.0,0.0,0.0,0.0,-1.0,0
16,1,0,1.0,1,2.0,1,14.0,1,-1.0,0,-1.0,0,0,0.0,3867.53,0.0,0.0,0.0,0.0,-1.0,0
2,1,0,-1.0,0,-1.0,0,1.0,1,-1.0,0,-1.0,0,0,0.0,4945.07,0.0,0.0,0.0,0.0,-1.0,0
101,1,0,71.0,1,77.0,1,71.0,1,77.0,1,77.0,1,0,0.0,5535.18,0.0,0.0,0.0,0.0,-1.0,0
22,1,0,1.0,1,1.0,1,5.0,1,7.0,1,-1.0,0,0,0.0,5892.59,0.0,0.0,0.0,0.0,-1.0,0
3,1,0,1.0,1,-1.0,0,-1.0,0,-1.0,0,-1.0,0,0,0.0,6224.74,0.0,0.0,0.0,0.0,-1.0,0
55,1,0,17.0,1,2.0,1,31.0,1,36.0,1,48.0,1,0,0.0,6613.23,0.0,0.0,0.0,0.0,-1.0,0
11,1,0,5.0,1,1.0,1,9.0,1,28.0,1,-1.0,0,0,0.0,7293.52,0.0,0.0,0.0,0.0,-1.0,0
4,1,0,18.0,1,4.0,1,18.0,1,-1.0,0,-1.0,0,0,0.0,7414.62,0.0,0.0,0.0,0.0,-1.0,0
10,1,0,8.0,1,8.0,1,8.0,1,-1.0,0,-1.0,0,0,0.0,8453.74,0.0,0.0,0.0,0.0,-1.0,0
22,1,0,8.0,1,0.0,1,8.0,1,50.0,1,71.0,1,0,0.0,8917.84,0.0,0.0,0.0,0.0,-1.0,0
13,1,0,-1.0,0,40.0,1,4.0,1,-1.0,0,46.0,1,0,0.0,11652.96,0.0,0.0,0.0,0.0,-1.0,0
16,1,0,4.0,1,1.0,1,4.0,1,29.0,1,-1.0,0,0,0.0,12219.24,0.0,0.0,0.0,0.0,-1.0,0
25,1,0,2.0,1,2.0,1,9.0,1,10.0,1,-1.0,0,0,0.0,16358.04,0.0,0.0,0.0,0.0,-1.0,0
77,1,0,15.0,1,3.0,1,11.0,1,23.0,1,-1.0,0,0,0.0,17671.75,0.0,0.0,0.0,0.0,-1.0,0
77,1,0,78.0,1,1.0,1,5.0,1,29.0,1,31.0,1,0,0.0,27798.83,0.0,0.0,0.0,0.0,-1.0,0
104,1,0,16.0,1,1.0,1,5.0,1,22.0,1,126.0,1,0,0.0,28788.91,0.0,0.0,0.0,0.0,-1.0,0
6,1,0,-1.0,0,-1.0,0,50.0,1,-1.0,0,-1.0,0,0,0.0,32256.16,0.0,0.0,0.0,0.0,-1.0,0
64,1,0,-1.0,0,0.0,1,29.0,1,-1.0,0,67.0,1,0,0.0,34676.18,0.0,0.0,0.0,0.0,-1.0,0
18,1,0,0.0,1,0.0,1,22.0,1,34.0,1,-1.0,0,0,0.0,39135.67,0.0,0.0,0.0,0.0,-1.0,0
20,1,18,35.0,1,4.0,1,16.0,1,53.0,1,44.0,1,0,0.0,51042.41,0.0,0.0,0.0,0.0,-1.0,0
34,1,22,-1.0,0,-1.0,0,8.0,1,16.0,1,-1.0,0,0,0.0,59699.9,0.0,0.0,0.0,0.0,-1.0,0
16,1,0,0.0,1,0.0,1,4.0,1,36.0,1,-1.0,0,0,0.0,63190.0,0.0,0.0,0.0,0.0,-1.0,0
8,1,0,0.0,1,0.0,1,13.0,1,-1.0,0,-1.0,0,0,0.0,69659.73,0.0,0.0,0.0,0.0,-1.0,0
22,1,0,10.0,1,10.0,1,12.0,1,39.0,1,41.0,1,0,0.0,79430.41,0.0,0.0,0.0,0.0,-1.0,0
16,1,0,28.0,1,15.0,1,21.0,1,28.0,1,-1.0,0,0,0.0,81627.95,0.0,0.0,0.0,0.0,-1.0,0
38,1,0,1.0,1,1.0,1,54.0,1,-1.0,0,-1.0,0,0,0.0,81789.03,0.0,0.0,0.0,0.0,-1.0,0
9,1,0,-1.0,0,46.0,1,6.0,1,104.0,1,61.0,1,0,0.0,87201.95,0.0,0.0,0.0,0.0,-1.0,0
12,1,0,3.0,1,-1.0,0,16.0,1,-1.0,0,-1.0,0,0,0.0,108681.46,0.0,0.0,0.0,0.0,-1.0,0
22,1,0,11.0,1,11.0,1,25.0,1,-1.0,0,-1.0,0,0,0.0,113352.14,0.0,0.0,0.0,0.0,-1.0,0
67,1,26,7.0,1,7.0,1,61.0,1,-1.0,0,64.0,1,0,0.0,118892.47,0.0,0.0,0.0,0.0,-1.0,0
36,1,0,84.0,1,46.0,1,-1.0,0,-1.0,0,-1.0,0,0,0.0,118897.04,0.0,0.0,0.0,0.0,-1.0,0
29,1,0,2.0,1,2.0,1,-1.0,0,39.0,1,-1.0,0,0,0.0,122447.09,0.0,0.0,0.0,0.0,-1.0,0
60,1,0,-1.0,0,5.0,1,-1.0,0,27.0,1,-1.0,0,0,0.0,123690.54,0.0,0.0,0.0,0.0,-1.0,0
30,1,0,99.0,1,7.0,1,27.0,1,36.0,1,41.0,1,0,0.0,172074.79,0.0,0.0,0.0,0.0,-1.0,0
81,1,0,17.0,1,0.0,1,23.0,1,-1.0,0,45.0,1,0,0.0,187944.09,0.0,0.0,0.0,0.0,-1.0,0
10,1,0,5.0,1,5.0,1,15.0,1,-1.0,0,-1.0,0,0,0.0,198155.16,0.0,0.0,0.0,0.0,-1.0,0
28,1,0,5.0,1,5.0,1,8.0,1,-1.0,0,-1.0,0,0,0.0,203609.59,0.0,0.0,0.0,0.0,-1.0,0
31,1,0,27.0,1,20.0,1,48.0,1,50.0,1,-1.0,0,0,0.0,206451.6,0.0,0.0,0.0,0.0,-1.0,0
53,1,0,18.0,1,-1.0,0,7.0,1,113.0,1,64.0,1,0,0.0,219701.31,0.0,0.0,0.0,0.0,-1.0,0
64,1,13,11.0,1,-1.0,0,7.0,1,-1.0,0,-1.0,0,0,0.0,240519.44,0.0,0.0,0.0,0.0,-1.0,0
76,1,0,28.0,1,-1.0,0,-1.0,0,36.0,1,98.0,1,0,0.0,242866.59,0.0,0.0,0.0,0.0,-1.0,0
42,1,0,6.0,1,15.0,1,-1.0,0,28.0,1,-1.0,0,0,0.0,244334.07,0.0,0.0,0.0,0.0,-1.0,0
48,1,25,-1.0,0,11.0,1,4.0,1,-1.0,0,-1.0,0,0,0.0,251917.65,0.0,0.0,0.0,0.0,-1.0,0
13,1,0,9.0,1,9.0,1,9.0,1,-1.0,0,-1.0,0,0,0.0,259134.93,0.0,0.0,0.0,0.0,-1.0,0
4,1,0,5.0,1,5.0,1,-1.0,0,-1.0,0,-1.0,0,0,0.0,275500.17,0.0,0.0,0.0,0.0,-1.0,0
42,1,0,22.0,1,22.0,1,16.0,1,83.0,1,55.0,1,0,0.0,277668.1,0.0,0.0,0.0,0.0,-1.0,0
20,1,0,7.0,1,0.0,1,5.0,1,-1.0,0,-1.0,0,0,0.0,281748.79,0.0,0.0,0.0,0.0,-1.0,0
6,1,0,5.0,1,5.0,1,-1.0,0,-1.0,0,-1.0,0,0,0.0,291645.5,0.0,0.0,0.0,0.0,-1.0,0
14,1,0,8.0,1,8.0,1,29.0,1,-1.0,0,-1.0,0,0,0.0,293076.89,0.0,0.0,0.0,0.0,-1.0,0
9,1,0,-1.0,0,0.0,1,-1.0,0,-1.0,0,-1.0,0,0,0.0,319739.5,0.0,0.0,0.0,0.0,-1.0,0
68,1,0,0.0,1,0.0,1,7.0,1,53.0,1,70.0,1,0,0.0,409253.91,0.0,0.0,0.0,0.0,-1.0,0
53,1,0,-1.0,0,3.0,1,55.0,1,55.0,1,-1.0,0,0,0.0,436647.06,0.0,0.0,0.0,0.0,-1.0,0
6,1,0,-1.0,0,11.0,1,14.0,1,6.0,1,-1.0,0,0,0.0,498237.57,0.0,0.0,0.0,0.0,-1.0,0
15,1,0,99.0,1,4.0,1,6.0,1,71.0,1,70.0,1,0,0.0,505477.23,0.0,0.0,0.0,0.0,-1.0,0
25,1,0,21.0,1,1.0,1,98.0,1,-1.0,0,102.0,1,0,0.0,598061.2,0.0,0.0,0.0,0.0,-1.0,0
66,1,0,72.0,1,-1.0,0,77.0,1,-1.0,0,-1.0,0,0,0.0,629025.36,0.0,0.0,0.0,0.0,-1.0,0
35,1,0,81.0,1,123.0,1,38.0,1,143.0,1,-1.0,0,0,0.0,881404.67,0.0,0.0,0.0,0.0,-1.0,0
3,1,0,5.0,1,1.0,1,-1.0,0,-1.0,0,-1.0,0,0,0.0,1033572.67,0.0,0.0,0.0,0.0,-1.0,0
23,1,0,9.0,1,0.0,1,-1.0,0,-1.0,0,-1.0,0,0,0.0,1071335.02,0.0,0.0,0.0,0.0,-1.0,0
35,1,0,17.0,1,2.0,1,3.0,1,76.0,1,78.0,1,0,0.0,0.0,0.0,0.0,0.0,0.0,-1.0,0
4,1,0,7.0,1,7.0,1,7.0,1,-1.0,0,-1.0,0,0,0.0,0.0,0.0,0.0,0.0,0.0,-1.0,0
1,1,0,81.0,1,8.0,1,-1.0,0,-1.0,0,-1.0,0,0,0.0,0.0,0.0,0.0,0.0,0.0,-1.0,0
7,1,0,8.0,1,8.0,1,15.0,1,-1.0,0,-1.0,0,0,0.0,0.0,0.0,0.0,0.0,0.0,-1.0,0
14,1,0,25.0,1,8.0,1,9.0,1,71.0,1,-1.0,0,0,0.0,0.0,0.0,0.0,0.0,0.0,-1.0,0
9,1,0,5.0,1,12.0,1,12.0,1,-1.0,0,-1.0,0,0,0.0,0.0,0.0,0.0,0.0,0.0,-1.0,0
4,1,0,7.0,1,-1.0,0,-1.0,0,-1.0,0,-1.0,0,0,0.0,0.0,0.0,0.0,0.0,0.0,-1.0,0
50,1,0,8.0,1,-1.0,0,9.0,1,-1.0,0,-1.0,0,0,0.0,0.0,0.0,0.0,0.0,0.0,-1.0,0
0,1,0,-1.0,0,-1.0,0,-1.0,0,-1.0,0,-1.0,0,0,0.0,0.0,0.0,0.0,0.0,0.0,-1.0,0
0,1,0,-1.0,0,-1.0,0,-1.0,0,-1.0,0,-1.0,0,0,0.0,0.0,0.0,0.0,0.0,0.0,-1.0,0
29,1,0,1.0,1,1.0,1,14.0,1,-1.0,0,-1.0,0,0,0.0,15713.06,0.0,0.0,0.0,0.0,-1.0,0
30,1,0,44.0,1,29.0,1,13.0,1,13.0,1,114.0,1,0,0.0,43831.77,0.0,0.0,0.0,0.0,-1.0,0
42,1,0,53.0,1,4.0,1,18.0,1,58.0,1,141.0,1,0,0.0,128330.73,0.0,0.0,0.0,0.0,-1.0,0
100,1,0,145.0,1,1.0,1,34.0,1,65.0,1,145.0,1,0,0.0,380511.29,0.0,0.0,0.0,0.0,-1.0,0
6,1,0,-1.0,0,31.0,1,31.0,1,-1.0,0,-1.0,0,0,0.0,0.0,0.0,0.0,0.0,0.0,-1.0,0
1,1,0,-1.0,0,-1.0,0,-1.0,0,-1.0,0,-1.0,0,0,0.0,0.0,0.0,0.0,0.0,0.0,-1.0,0
3,1,0,-1.0,0,-1.0,0,-1.0,0,-1.0,0,-1.0,0,0,0.0,0.0,0.0,0.0,0.0,0.0,-1.0,0
0,1,0,-1.0,0,-1.0,0,-1.0,0,-1.0,0,-1.0,0,0,0.0,0.0,0.0,0.0,0.0,0.0,-1.0,0
